assignment_id,subject,white_balls,black_balls,quantifier,colour,QUANT,of,the1,balls,are,TGW,IN,the2,picture,answer,answer_time,age,gender,languages,education,comments
3YZ8UPK3VUU6DOF2KNJBNDNJCBCCUZ,1,7,3,Most,white,521,407,503,330,216,192,200,200,232,yes,1390,39,male,English,gc,
3YZ8UPK3VUU6DOF2KNJBNDNJCBCCUZ,1,1,9,All,black,463,224,193,190,192,192,194,183,209,no,1234,39,male,English,gc,
3YZ8UPK3VUU6DOF2KNJBNDNJCBCCUZ,1,4,6,Some,white,263,200,192,176,168,183,192,192,201,yes,1855,39,male,English,gc,
3YZ8UPK3VUU6DOF2KNJBNDNJCBCCUZ,1,5,5,None,white,408,216,176,168,183,184,176,176,185,no,816,39,male,English,gc,
3YZ8UPK3VUU6DOF2KNJBNDNJCBCCUZ,1,4,6,Most,white,399,193,167,168,160,168,161,176,200,no,989,39,male,English,gc,
3YZ8UPK3VUU6DOF2KNJBNDNJCBCCUZ,1,2,8,All,black,376,167,161,161,168,160,160,168,207,no,1105,39,male,English,gc,
3YZ8UPK3VUU6DOF2KNJBNDNJCBCCUZ,1,3,7,Some,black,194,176,168,184,160,168,174,177,175,yes,6553,39,male,English,gc,
3YZ8UPK3VUU6DOF2KNJBNDNJCBCCUZ,1,8,2,All,black,376,175,167,177,184,191,176,184,177,no,1616,39,male,English,gc,
3YZ8UPK3VUU6DOF2KNJBNDNJCBCCUZ,1,5,5,Some,black,376,192,176,184,175,168,168,176,186,yes,1337,39,male,English,gc,
3YZ8UPK3VUU6DOF2KNJBNDNJCBCCUZ,1,3,7,Most,black,231,176,160,169,168,152,176,168,240,yes,1431,39,male,English,gc,
3YZ8UPK3VUU6DOF2KNJBNDNJCBCCUZ,1,10,0,Most,white,168,160,168,152,175,185,183,176,224,no,2897,39,male,English,gc,
3YZ8UPK3VUU6DOF2KNJBNDNJCBCCUZ,1,0,10,None,black,168,152,176,160,160,175,191,185,248,no,835,39,male,English,gc,
3YZ8UPK3VUU6DOF2KNJBNDNJCBCCUZ,1,1,9,Most,black,160,168,170,168,168,160,167,184,209,yes,1177,39,male,English,gc,
3YZ8UPK3VUU6DOF2KNJBNDNJCBCCUZ,1,7,3,All,white,161,182,162,160,176,166,168,184,176,no,1209,39,male,English,gc,
3YZ8UPK3VUU6DOF2KNJBNDNJCBCCUZ,1,6,4,Some,white,168,176,162,167,176,160,184,193,223,yes,914,39,male,English,gc,
3YZ8UPK3VUU6DOF2KNJBNDNJCBCCUZ,1,6,4,All,black,160,168,169,168,168,168,185,191,208,no,986,39,male,English,gc,
3YZ8UPK3VUU6DOF2KNJBNDNJCBCCUZ,1,8,2,None,black,168,168,159,169,167,160,177,176,208,no,1155,39,male,English,gc,
3YZ8UPK3VUU6DOF2KNJBNDNJCBCCUZ,1,7,3,None,black,167,152,160,168,168,185,176,184,216,no,954,39,male,English,gc,
3YZ8UPK3VUU6DOF2KNJBNDNJCBCCUZ,1,6,4,None,black,639,168,168,168,159,176,168,170,248,no,1352,39,male,English,gc,
3YZ8UPK3VUU6DOF2KNJBNDNJCBCCUZ,1,10,0,None,black,182,176,169,175,170,176,168,184,176,yes,1127,39,male,English,gc,
3YZ8UPK3VUU6DOF2KNJBNDNJCBCCUZ,1,9,1,Most,black,192,184,160,177,177,192,184,184,208,no,911,39,male,English,gc,
3YZ8UPK3VUU6DOF2KNJBNDNJCBCCUZ,1,0,10,All,white,208,184,178,167,177,183,193,199,232,no,1342,39,male,English,gc,
3YZ8UPK3VUU6DOF2KNJBNDNJCBCCUZ,1,1,9,None,white,160,168,160,169,175,169,177,190,208,no,1150,39,male,English,gc,
3YZ8UPK3VUU6DOF2KNJBNDNJCBCCUZ,1,9,1,All,black,225,176,168,176,192,191,185,192,232,no,1320,39,male,English,gc,
3YZ8UPK3VUU6DOF2KNJBNDNJCBCCUZ,1,6,4,Most,white,472,200,175,185,200,215,201,176,200,yes,892,39,male,English,gc,
3YZ8UPK3VUU6DOF2KNJBNDNJCBCCUZ,1,1,9,Some,white,184,184,168,175,169,176,177,191,184,yes,1434,39,male,English,gc,
3YZ8UPK3VUU6DOF2KNJBNDNJCBCCUZ,1,8,2,Most,black,185,167,170,192,176,183,193,184,206,no,1247,39,male,English,gc,
3YZ8UPK3VUU6DOF2KNJBNDNJCBCCUZ,1,0,10,Some,black,240,184,177,183,177,182,184,192,169,no,1261,39,male,English,gc,
3YZ8UPK3VUU6DOF2KNJBNDNJCBCCUZ,1,10,0,All,white,177,174,184,176,176,176,184,184,226,yes,934,39,male,English,gc,
3YZ8UPK3VUU6DOF2KNJBNDNJCBCCUZ,1,3,7,All,black,167,168,184,176,176,176,169,192,168,no,1234,39,male,English,gc,
3YZ8UPK3VUU6DOF2KNJBNDNJCBCCUZ,1,7,3,Some,white,177,151,169,168,176,176,176,184,208,yes,1090,39,male,English,gc,
3YZ8UPK3VUU6DOF2KNJBNDNJCBCCUZ,1,9,1,None,white,168,168,168,176,167,168,160,184,219,no,988,39,male,English,gc,
3YZ8UPK3VUU6DOF2KNJBNDNJCBCCUZ,1,2,8,Some,white,186,159,184,177,184,176,184,166,201,yes,1065,39,male,English,gc,
3YZ8UPK3VUU6DOF2KNJBNDNJCBCCUZ,1,4,6,None,white,282,191,185,174,176,184,184,177,216,no,971,39,male,English,gc,
3YZ8UPK3VUU6DOF2KNJBNDNJCBCCUZ,1,2,8,Most,black,168,169,161,160,160,152,168,168,222,yes,936,39,male,English,gc,
3YZ8UPK3VUU6DOF2KNJBNDNJCBCCUZ,1,5,5,All,white,320,192,175,176,169,175,169,168,215,no,1028,39,male,English,gc,
3YZ8UPK3VUU6DOF2KNJBNDNJCBCCUZ,1,5,5,Most,white,232,192,184,176,183,192,200,200,233,no,4306,39,male,English,gc,
3YZ8UPK3VUU6DOF2KNJBNDNJCBCCUZ,1,0,10,Most,white,193,176,176,176,184,184,183,184,216,no,971,39,male,English,gc,
3YZ8UPK3VUU6DOF2KNJBNDNJCBCCUZ,1,3,7,None,white,176,184,167,167,169,183,177,199,210,no,1267,39,male,English,gc,
3YZ8UPK3VUU6DOF2KNJBNDNJCBCCUZ,1,2,8,None,black,199,177,168,176,168,166,176,168,184,no,1391,39,male,English,gc,
3YZ8UPK3VUU6DOF2KNJBNDNJCBCCUZ,1,4,6,All,white,264,192,176,168,168,176,152,168,168,no,1148,39,male,English,gc,
3YZ8UPK3VUU6DOF2KNJBNDNJCBCCUZ,1,9,1,Some,black,168,256,160,160,152,168,159,177,207,yes,2585,39,male,English,gc,
3YZ8UPK3VUU6DOF2KNJBNDNJCBCCUZ,1,8,2,Some,black,169,159,152,168,160,169,169,182,234,yes,894,39,male,English,gc,
3YZ8UPK3VUU6DOF2KNJBNDNJCBCCUZ,1,10,0,Some,white,422,176,160,178,167,177,175,177,191,no,1122,39,male,English,gc,
3KRVW3HTZOT37XZP87IPB8A7LSVMSB,2,4,6,All,black,598,468,291,268,234,272,433,539,658,no,2228,55,male,English,gc,none
3KRVW3HTZOT37XZP87IPB8A7LSVMSB,2,1,9,Most,white,563,469,244,231,246,245,309,355,516,no,2512,55,male,English,gc,none
3KRVW3HTZOT37XZP87IPB8A7LSVMSB,2,7,3,Most,black,546,387,277,229,289,296,400,439,517,no,1853,55,male,English,gc,none
3KRVW3HTZOT37XZP87IPB8A7LSVMSB,2,0,10,Most,black,573,278,213,247,204,222,311,449,551,yes,1667,55,male,English,gc,none
3KRVW3HTZOT37XZP87IPB8A7LSVMSB,2,2,8,None,white,567,447,285,276,233,243,261,288,430,no,1640,55,male,English,gc,none
3KRVW3HTZOT37XZP87IPB8A7LSVMSB,2,0,10,None,white,528,414,142,363,477,480,296,230,426,yes,1850,55,male,English,gc,none
3KRVW3HTZOT37XZP87IPB8A7LSVMSB,2,4,6,Some,white,771,433,327,326,500,314,317,261,368,yes,1772,55,male,English,gc,none
3KRVW3HTZOT37XZP87IPB8A7LSVMSB,2,2,8,All,black,710,407,288,402,440,336,300,305,365,no,2008,55,male,English,gc,none
3KRVW3HTZOT37XZP87IPB8A7LSVMSB,2,1,9,None,black,650,358,239,313,280,303,384,250,632,no,1806,55,male,English,gc,none
3KRVW3HTZOT37XZP87IPB8A7LSVMSB,2,9,1,All,white,621,456,288,223,208,305,368,384,531,no,1619,55,male,English,gc,none
3KRVW3HTZOT37XZP87IPB8A7LSVMSB,2,5,5,Most,black,687,418,226,231,502,349,530,505,1017,yes,11337,55,male,English,gc,none
3KRVW3HTZOT37XZP87IPB8A7LSVMSB,2,6,4,All,white,953,486,209,201,295,379,446,375,321,no,1410,55,male,English,gc,none
3KRVW3HTZOT37XZP87IPB8A7LSVMSB,2,3,7,Some,white,806,367,217,224,240,279,305,431,480,yes,1174,55,male,English,gc,none
3KRVW3HTZOT37XZP87IPB8A7LSVMSB,2,2,8,Some,black,645,296,220,250,246,288,336,525,720,yes,1248,55,male,English,gc,none
3KRVW3HTZOT37XZP87IPB8A7LSVMSB,2,9,1,Most,black,591,256,247,243,325,615,474,356,612,no,1294,55,male,English,gc,none
3KRVW3HTZOT37XZP87IPB8A7LSVMSB,2,5,5,None,white,917,279,263,258,253,334,189,241,544,no,1047,55,male,English,gc,none
3KRVW3HTZOT37XZP87IPB8A7LSVMSB,2,0,10,All,black,555,234,224,285,366,483,334,218,311,yes,1452,55,male,English,gc,none
3KRVW3HTZOT37XZP87IPB8A7LSVMSB,2,9,1,Some,black,710,320,254,266,241,347,178,374,590,yes,2870,55,male,English,gc,none
3KRVW3HTZOT37XZP87IPB8A7LSVMSB,2,10,0,None,white,637,344,248,208,256,565,482,358,523,no,1193,55,male,English,gc,none
3KRVW3HTZOT37XZP87IPB8A7LSVMSB,2,9,1,None,white,612,364,311,131,333,286,454,402,490,no,927,55,male,English,gc,none
3KRVW3HTZOT37XZP87IPB8A7LSVMSB,2,10,0,All,black,589,296,220,220,397,482,362,300,540,no,1073,55,male,English,gc,none
3KRVW3HTZOT37XZP87IPB8A7LSVMSB,2,6,4,Most,black,662,417,247,339,374,536,464,513,558,no,1189,55,male,English,gc,none
3KRVW3HTZOT37XZP87IPB8A7LSVMSB,2,3,7,None,white,696,352,212,229,279,322,366,463,489,no,1112,55,male,English,gc,none
3KRVW3HTZOT37XZP87IPB8A7LSVMSB,2,7,3,Some,white,592,450,102,224,283,400,453,440,430,yes,1454,55,male,English,gc,none
3KRVW3HTZOT37XZP87IPB8A7LSVMSB,2,8,2,Most,black,565,367,287,274,428,464,436,485,459,no,1215,55,male,English,gc,none
3KRVW3HTZOT37XZP87IPB8A7LSVMSB,2,5,5,Some,white,702,297,261,390,220,380,501,488,464,yes,1215,55,male,English,gc,none
3KRVW3HTZOT37XZP87IPB8A7LSVMSB,2,7,3,All,black,592,438,225,258,261,371,457,317,601,no,883,55,male,English,gc,none
3KRVW3HTZOT37XZP87IPB8A7LSVMSB,2,8,2,Some,black,590,465,305,207,336,502,403,359,447,yes,1404,55,male,English,gc,none
3KRVW3HTZOT37XZP87IPB8A7LSVMSB,2,2,8,Most,black,600,425,328,293,255,271,348,365,465,yes,838,55,male,English,gc,none
3KRVW3HTZOT37XZP87IPB8A7LSVMSB,2,8,2,None,white,560,328,222,267,331,318,272,238,634,no,1250,55,male,English,gc,none
3KRVW3HTZOT37XZP87IPB8A7LSVMSB,2,4,6,Most,black,680,376,301,470,464,540,341,344,518,yes,1197,55,male,English,gc,none
3KRVW3HTZOT37XZP87IPB8A7LSVMSB,2,1,9,Some,black,657,504,207,313,416,466,295,404,463,yes,1068,55,male,English,gc,none
3KRVW3HTZOT37XZP87IPB8A7LSVMSB,2,10,0,Some,black,688,257,287,397,323,375,425,424,506,no,1080,55,male,English,gc,none
3KRVW3HTZOT37XZP87IPB8A7LSVMSB,2,7,3,None,white,701,423,314,167,280,312,488,502,482,no,1082,55,male,English,gc,none
3KRVW3HTZOT37XZP87IPB8A7LSVMSB,2,10,0,Most,white,575,446,226,276,397,432,295,229,427,yes,978,55,male,English,gc,none
3KRVW3HTZOT37XZP87IPB8A7LSVMSB,2,4,6,None,black,727,496,291,245,265,254,441,479,394,no,1282,55,male,English,gc,none
3KRVW3HTZOT37XZP87IPB8A7LSVMSB,2,8,2,All,black,734,408,227,252,354,258,247,289,440,no,1078,55,male,English,gc,none
3KRVW3HTZOT37XZP87IPB8A7LSVMSB,2,0,10,Some,white,671,477,199,242,258,258,429,328,667,no,3190,55,male,English,gc,none
3KRVW3HTZOT37XZP87IPB8A7LSVMSB,2,3,7,Most,white,1733,0,964,1162,972,1203,527,1096,763,no,1589,55,male,English,gc,none
3KRVW3HTZOT37XZP87IPB8A7LSVMSB,2,5,5,All,white,1083,597,310,918,204,336,322,838,829,no,1733,55,male,English,gc,none
3KRVW3HTZOT37XZP87IPB8A7LSVMSB,2,1,9,All,white,798,1378,0,558,1297,880,544,857,751,no,1975,55,male,English,gc,none
3KRVW3HTZOT37XZP87IPB8A7LSVMSB,2,6,4,None,black,1667,995,1827,290,487,1128,577,1314,654,no,1846,55,male,English,gc,none
3KRVW3HTZOT37XZP87IPB8A7LSVMSB,2,3,7,All,white,1128,539,496,647,424,285,425,511,630,no,1677,55,male,English,gc,none
3KRVW3HTZOT37XZP87IPB8A7LSVMSB,2,6,4,Some,white,1233,621,486,479,604,604,525,434,528,yes,1724,55,male,English,gc,none
3BXQMRHWK06JMARTXCDPQ9SV6PGMUR,3,5,5,All,white,174,242,207,207,145,176,184,192,175,no,629,37,male,English,gc,Fun study!
3BXQMRHWK06JMARTXCDPQ9SV6PGMUR,3,2,8,Some,black,256,175,217,183,185,175,184,195,205,yes,645,37,male,English,gc,Fun study!
3BXQMRHWK06JMARTXCDPQ9SV6PGMUR,3,4,6,Most,white,191,193,192,168,183,185,191,201,201,no,852,37,male,English,gc,Fun study!
3BXQMRHWK06JMARTXCDPQ9SV6PGMUR,3,1,9,Most,white,207,186,182,192,176,176,176,193,175,no,748,37,male,English,gc,Fun study!
3BXQMRHWK06JMARTXCDPQ9SV6PGMUR,3,3,7,Most,black,208,183,185,192,167,201,175,171,181,yes,805,37,male,English,gc,Fun study!
3BXQMRHWK06JMARTXCDPQ9SV6PGMUR,3,0,10,Some,white,207,193,184,184,175,186,198,192,153,no,955,37,male,English,gc,Fun study!
3BXQMRHWK06JMARTXCDPQ9SV6PGMUR,3,10,0,None,black,200,192,184,176,168,344,207,201,425,yes,626,37,male,English,gc,Fun study!
3BXQMRHWK06JMARTXCDPQ9SV6PGMUR,3,0,10,None,black,201,191,201,192,192,183,473,256,201,no,834,37,male,English,gc,Fun study!
3BXQMRHWK06JMARTXCDPQ9SV6PGMUR,3,8,2,Most,white,192,217,192,183,201,192,183,185,200,yes,827,37,male,English,gc,Fun study!
3BXQMRHWK06JMARTXCDPQ9SV6PGMUR,3,1,9,None,white,193,176,168,191,177,169,182,210,294,no,852,37,male,English,gc,Fun study!
3BXQMRHWK06JMARTXCDPQ9SV6PGMUR,3,2,8,Most,white,191,200,185,191,209,191,193,216,287,no,685,37,male,English,gc,Fun study!
3BXQMRHWK06JMARTXCDPQ9SV6PGMUR,3,9,1,None,black,433,183,202,190,192,193,191,192,209,no,947,37,male,English,gc,Fun study!
3BXQMRHWK06JMARTXCDPQ9SV6PGMUR,3,10,0,Most,black,201,176,191,177,191,184,193,416,232,no,595,37,male,English,gc,Fun study!
3BXQMRHWK06JMARTXCDPQ9SV6PGMUR,3,6,4,None,black,386,205,193,183,193,167,184,201,263,no,829,37,male,English,gc,Fun study!
3BXQMRHWK06JMARTXCDPQ9SV6PGMUR,3,8,2,All,white,209,207,208,193,183,193,193,207,183,no,765,37,male,English,gc,Fun study!
3BXQMRHWK06JMARTXCDPQ9SV6PGMUR,3,3,7,None,black,209,191,185,185,207,192,199,168,416,no,581,37,male,English,gc,Fun study!
3BXQMRHWK06JMARTXCDPQ9SV6PGMUR,3,7,3,All,black,208,201,175,185,168,176,176,176,184,no,588,37,male,English,gc,Fun study!
3BXQMRHWK06JMARTXCDPQ9SV6PGMUR,3,5,5,Some,white,199,233,192,200,193,183,183,185,159,yes,901,37,male,English,gc,Fun study!
3BXQMRHWK06JMARTXCDPQ9SV6PGMUR,3,8,2,None,black,422,199,184,194,198,193,192,232,240,no,572,37,male,English,gc,Fun study!
3BXQMRHWK06JMARTXCDPQ9SV6PGMUR,3,6,4,All,white,233,200,192,192,191,185,183,257,288,no,1444,37,male,English,gc,Fun study!
3BXQMRHWK06JMARTXCDPQ9SV6PGMUR,3,1,9,All,black,208,193,183,184,192,193,191,217,175,no,1180,37,male,English,gc,Fun study!
3BXQMRHWK06JMARTXCDPQ9SV6PGMUR,3,0,10,All,white,191,208,192,192,184,177,175,184,232,no,1372,37,male,English,gc,Fun study!
3BXQMRHWK06JMARTXCDPQ9SV6PGMUR,3,4,6,Some,white,255,176,208,192,185,183,184,216,249,yes,668,37,male,English,gc,Fun study!
3BXQMRHWK06JMARTXCDPQ9SV6PGMUR,3,2,8,All,black,199,192,184,200,184,185,207,201,232,no,772,37,male,English,gc,Fun study!
3BXQMRHWK06JMARTXCDPQ9SV6PGMUR,3,4,6,All,white,217,191,192,177,185,174,384,177,183,no,1837,37,male,English,gc,Fun study!
3BXQMRHWK06JMARTXCDPQ9SV6PGMUR,3,9,1,Some,white,214,192,192,200,184,201,200,191,185,yes,707,37,male,English,gc,Fun study!
3BXQMRHWK06JMARTXCDPQ9SV6PGMUR,3,10,0,All,black,193,192,191,193,184,183,248,352,240,no,548,37,male,English,gc,Fun study!
3BXQMRHWK06JMARTXCDPQ9SV6PGMUR,3,4,6,None,black,207,185,199,192,185,193,198,224,200,no,652,37,male,English,gc,Fun study!
3BXQMRHWK06JMARTXCDPQ9SV6PGMUR,3,6,4,Most,white,223,160,200,208,176,193,207,137,247,yes,772,37,male,English,gc,Fun study!
3BXQMRHWK06JMARTXCDPQ9SV6PGMUR,3,7,3,None,black,200,191,192,193,183,208,185,199,256,no,804,37,male,English,gc,Fun study!
3BXQMRHWK06JMARTXCDPQ9SV6PGMUR,3,10,0,Some,white,332,201,135,176,185,175,176,176,193,yes,764,37,male,English,gc,Fun study!
3BXQMRHWK06JMARTXCDPQ9SV6PGMUR,3,7,3,Some,white,201,184,175,352,184,177,168,175,168,yes,1012,37,male,English,gc,Fun study!
3BXQMRHWK06JMARTXCDPQ9SV6PGMUR,3,6,4,Some,white,216,200,184,192,184,184,185,192,183,yes,660,37,male,English,gc,Fun study!
3BXQMRHWK06JMARTXCDPQ9SV6PGMUR,3,8,2,Some,black,224,193,207,248,185,192,200,175,192,yes,877,37,male,English,gc,Fun study!
3BXQMRHWK06JMARTXCDPQ9SV6PGMUR,3,5,5,Most,black,225,175,192,200,184,193,200,191,202,no,810,37,male,English,gc,Fun study!
3BXQMRHWK06JMARTXCDPQ9SV6PGMUR,3,3,7,Some,black,200,192,194,159,352,191,184,177,159,yes,748,37,male,English,gc,Fun study!
3BXQMRHWK06JMARTXCDPQ9SV6PGMUR,3,9,1,All,white,191,191,192,192,185,183,184,208,161,no,691,37,male,English,gc,Fun study!
3BXQMRHWK06JMARTXCDPQ9SV6PGMUR,3,7,3,Most,black,192,202,199,175,193,184,191,177,167,yes,684,37,male,English,gc,Fun study!
3BXQMRHWK06JMARTXCDPQ9SV6PGMUR,3,1,9,Some,white,193,191,176,184,192,177,183,176,176,no,860,37,male,English,gc,Fun study!
3BXQMRHWK06JMARTXCDPQ9SV6PGMUR,3,3,7,All,white,408,232,144,184,200,168,200,216,201,no,908,37,male,English,gc,Fun study!
3BXQMRHWK06JMARTXCDPQ9SV6PGMUR,3,9,1,Most,black,199,201,191,184,193,184,191,185,199,no,836,37,male,English,gc,Fun study!
3BXQMRHWK06JMARTXCDPQ9SV6PGMUR,3,5,5,None,black,193,191,193,193,182,200,216,192,193,no,972,37,male,English,gc,Fun study!
3BXQMRHWK06JMARTXCDPQ9SV6PGMUR,3,0,10,Most,black,191,192,183,184,185,183,192,224,176,yes,740,37,male,English,gc,Fun study!
3BXQMRHWK06JMARTXCDPQ9SV6PGMUR,3,2,8,None,white,193,208,191,169,199,184,192,201,183,no,637,37,male,English,gc,Fun study!
33OOO72IVITRDB0DKIT1IH1HTX5CT8,4,7,3,Most,white,607,396,360,397,345,375,435,388,539,yes,1237,32,male,English,gc,No issues
33OOO72IVITRDB0DKIT1IH1HTX5CT8,4,7,3,All,white,451,275,275,233,225,230,307,295,338,no,816,32,male,English,gc,No issues
33OOO72IVITRDB0DKIT1IH1HTX5CT8,4,4,6,Most,white,310,234,192,189,217,210,317,291,334,no,917,32,male,English,gc,No issues
33OOO72IVITRDB0DKIT1IH1HTX5CT8,4,2,8,None,white,438,252,186,194,182,183,163,176,347,no,836,32,male,English,gc,No issues
33OOO72IVITRDB0DKIT1IH1HTX5CT8,4,9,1,Most,white,238,213,197,218,145,161,192,411,282,yes,1007,32,male,English,gc,No issues
33OOO72IVITRDB0DKIT1IH1HTX5CT8,4,0,10,Most,black,409,218,166,171,189,251,324,169,314,yes,1030,32,male,English,gc,No issues
33OOO72IVITRDB0DKIT1IH1HTX5CT8,4,6,4,None,black,387,295,169,186,166,169,155,158,480,no,847,32,male,English,gc,No issues
33OOO72IVITRDB0DKIT1IH1HTX5CT8,4,7,3,Some,black,366,163,182,287,165,164,154,377,278,yes,886,32,male,English,gc,No issues
33OOO72IVITRDB0DKIT1IH1HTX5CT8,4,10,0,Most,white,629,168,180,163,156,176,135,278,365,yes,822,32,male,English,gc,No issues
33OOO72IVITRDB0DKIT1IH1HTX5CT8,4,5,5,None,black,439,265,168,164,165,166,161,384,290,no,919,32,male,English,gc,No issues
33OOO72IVITRDB0DKIT1IH1HTX5CT8,4,0,10,All,white,295,171,179,158,146,153,166,448,319,no,2013,32,male,English,gc,No issues
33OOO72IVITRDB0DKIT1IH1HTX5CT8,4,3,7,None,white,271,359,176,168,146,158,155,151,367,no,2741,32,male,English,gc,No issues
33OOO72IVITRDB0DKIT1IH1HTX5CT8,4,5,5,Some,white,405,175,179,156,148,280,295,383,405,yes,907,32,male,English,gc,No issues
33OOO72IVITRDB0DKIT1IH1HTX5CT8,4,4,6,Some,black,373,168,166,161,152,164,168,363,333,yes,1224,32,male,English,gc,No issues
33OOO72IVITRDB0DKIT1IH1HTX5CT8,4,1,9,None,white,307,208,172,167,134,156,261,309,834,no,1025,32,male,English,gc,No issues
33OOO72IVITRDB0DKIT1IH1HTX5CT8,4,3,7,Some,black,395,153,157,148,137,166,179,360,1146,yes,884,32,male,English,gc,No issues
33OOO72IVITRDB0DKIT1IH1HTX5CT8,4,2,8,All,white,495,171,288,150,146,133,166,392,290,no,939,32,male,English,gc,No issues
33OOO72IVITRDB0DKIT1IH1HTX5CT8,4,8,2,Some,white,353,212,165,159,156,154,331,215,389,yes,957,32,male,English,gc,No issues
33OOO72IVITRDB0DKIT1IH1HTX5CT8,4,4,6,All,white,488,170,160,135,193,136,170,331,312,no,913,32,male,English,gc,No issues
33OOO72IVITRDB0DKIT1IH1HTX5CT8,4,1,9,All,white,311,167,141,148,165,143,140,342,321,no,805,32,male,English,gc,No issues
33OOO72IVITRDB0DKIT1IH1HTX5CT8,4,10,0,None,black,214,165,301,174,140,159,146,396,303,yes,991,32,male,English,gc,No issues
33OOO72IVITRDB0DKIT1IH1HTX5CT8,4,5,5,Most,white,266,202,153,159,154,151,314,406,643,yes,1087,32,male,English,gc,No issues
33OOO72IVITRDB0DKIT1IH1HTX5CT8,4,0,10,Some,white,654,270,175,141,179,329,263,271,403,no,893,32,male,English,gc,No issues
33OOO72IVITRDB0DKIT1IH1HTX5CT8,4,9,1,None,black,291,168,155,156,161,173,142,330,427,no,2298,32,male,English,gc,No issues
33OOO72IVITRDB0DKIT1IH1HTX5CT8,4,1,9,Most,black,373,163,147,164,145,397,194,216,383,yes,1096,32,male,English,gc,No issues
33OOO72IVITRDB0DKIT1IH1HTX5CT8,4,6,4,All,black,376,175,154,153,146,134,322,244,368,no,995,32,male,English,gc,No issues
33OOO72IVITRDB0DKIT1IH1HTX5CT8,4,3,7,All,black,288,164,192,139,140,158,156,186,408,no,920,32,male,English,gc,No issues
33OOO72IVITRDB0DKIT1IH1HTX5CT8,4,1,9,Some,black,274,164,157,154,147,153,251,395,287,yes,993,32,male,English,gc,No issues
33OOO72IVITRDB0DKIT1IH1HTX5CT8,4,8,2,None,black,267,377,143,154,148,154,166,143,326,no,890,32,male,English,gc,No issues
33OOO72IVITRDB0DKIT1IH1HTX5CT8,4,10,0,All,white,305,170,146,322,297,229,233,276,363,yes,927,32,male,English,gc,No issues
33OOO72IVITRDB0DKIT1IH1HTX5CT8,4,6,4,Some,black,316,161,156,150,182,269,171,149,392,yes,1008,32,male,English,gc,No issues
33OOO72IVITRDB0DKIT1IH1HTX5CT8,4,0,10,None,black,296,146,150,156,283,181,283,334,190,no,810,32,male,English,gc,No issues
33OOO72IVITRDB0DKIT1IH1HTX5CT8,4,3,7,Most,white,291,352,166,157,155,175,390,369,467,no,2273,32,male,English,gc,No issues
33OOO72IVITRDB0DKIT1IH1HTX5CT8,4,8,2,Most,black,498,221,157,149,194,318,304,395,506,no,957,32,male,English,gc,No issues
33OOO72IVITRDB0DKIT1IH1HTX5CT8,4,7,3,None,black,265,148,312,319,163,148,167,181,328,no,1410,32,male,English,gc,No issues
33OOO72IVITRDB0DKIT1IH1HTX5CT8,4,6,4,Most,black,187,156,171,133,148,151,427,184,344,no,988,32,male,English,gc,No issues
33OOO72IVITRDB0DKIT1IH1HTX5CT8,4,4,6,None,black,328,141,177,159,282,167,161,195,376,no,1199,32,male,English,gc,No issues
33OOO72IVITRDB0DKIT1IH1HTX5CT8,4,8,2,All,black,271,151,144,140,129,147,159,114,265,no,1199,32,male,English,gc,No issues
33OOO72IVITRDB0DKIT1IH1HTX5CT8,4,9,1,All,white,390,151,151,273,150,140,168,387,630,no,813,32,male,English,gc,No issues
33OOO72IVITRDB0DKIT1IH1HTX5CT8,4,2,8,Some,white,298,161,140,147,134,154,159,420,299,yes,1056,32,male,English,gc,No issues
33OOO72IVITRDB0DKIT1IH1HTX5CT8,4,10,0,Some,white,249,161,140,155,150,133,146,417,311,yes,1080,32,male,English,gc,No issues
33OOO72IVITRDB0DKIT1IH1HTX5CT8,4,2,8,Most,black,487,183,162,143,164,169,412,345,597,yes,811,32,male,English,gc,No issues
33OOO72IVITRDB0DKIT1IH1HTX5CT8,4,5,5,All,black,353,171,171,295,181,154,186,196,664,no,1039,32,male,English,gc,No issues
33OOO72IVITRDB0DKIT1IH1HTX5CT8,4,9,1,Some,white,365,402,172,156,155,151,145,172,414,yes,891,32,male,English,gc,No issues
36U2A8VAG275DVBVM1XYEH64D8WKYI,5,8,2,Most,black,376,217,207,192,224,184,184,216,201,no,879,33,female,English,gc,
36U2A8VAG275DVBVM1XYEH64D8WKYI,5,2,8,Most,black,185,191,176,168,184,192,193,167,152,no,4752,33,female,English,gc,
36U2A8VAG275DVBVM1XYEH64D8WKYI,5,8,2,All,black,400,217,191,176,199,185,168,184,192,no,568,33,female,English,gc,
36U2A8VAG275DVBVM1XYEH64D8WKYI,5,4,6,All,white,392,176,184,160,177,167,192,184,194,no,622,33,female,English,gc,
36U2A8VAG275DVBVM1XYEH64D8WKYI,5,9,1,Some,white,185,191,184,192,161,175,160,192,241,no,6615,33,female,English,gc,
36U2A8VAG275DVBVM1XYEH64D8WKYI,5,10,0,Some,white,200,176,176,168,185,143,192,200,200,no,672,33,female,English,gc,
36U2A8VAG275DVBVM1XYEH64D8WKYI,5,7,3,Some,black,264,192,168,176,176,153,192,191,210,yes,630,33,female,English,gc,
36U2A8VAG275DVBVM1XYEH64D8WKYI,5,5,5,None,black,384,168,167,184,169,184,159,176,161,no,503,33,female,English,gc,
36U2A8VAG275DVBVM1XYEH64D8WKYI,5,5,5,All,white,400,176,168,184,145,176,135,153,167,no,368,33,female,English,gc,
36U2A8VAG275DVBVM1XYEH64D8WKYI,5,5,5,Most,white,201,182,161,184,144,161,135,160,200,no,376,33,female,English,gc,
36U2A8VAG275DVBVM1XYEH64D8WKYI,5,6,4,None,white,418,182,160,152,153,151,144,160,192,no,496,33,female,English,gc,
36U2A8VAG275DVBVM1XYEH64D8WKYI,5,1,9,All,white,360,184,176,176,128,168,112,176,233,no,775,33,female,English,gc,
36U2A8VAG275DVBVM1XYEH64D8WKYI,5,2,8,All,white,184,225,167,169,159,232,184,177,167,no,776,33,female,English,gc,
36U2A8VAG275DVBVM1XYEH64D8WKYI,5,9,1,All,black,168,176,152,152,160,153,176,159,178,no,550,33,female,English,gc,
36U2A8VAG275DVBVM1XYEH64D8WKYI,5,6,4,Some,white,313,166,153,201,135,176,160,152,193,yes,863,33,female,English,gc,
36U2A8VAG275DVBVM1XYEH64D8WKYI,5,10,0,All,white,416,177,159,120,176,160,144,152,153,yes,639,33,female,English,gc,
36U2A8VAG275DVBVM1XYEH64D8WKYI,5,10,0,None,black,207,159,161,177,199,184,160,143,186,yes,498,33,female,English,gc,
36U2A8VAG275DVBVM1XYEH64D8WKYI,5,6,4,Most,black,233,169,153,150,160,192,176,159,185,no,464,33,female,English,gc,
36U2A8VAG275DVBVM1XYEH64D8WKYI,5,8,2,Some,black,335,160,151,163,150,184,175,186,199,yes,800,33,female,English,gc,
36U2A8VAG275DVBVM1XYEH64D8WKYI,5,1,9,None,white,376,160,200,160,183,168,153,176,201,no,471,33,female,English,gc,
36U2A8VAG275DVBVM1XYEH64D8WKYI,5,4,6,Most,black,193,208,168,208,169,183,177,191,200,yes,577,33,female,English,gc,
36U2A8VAG275DVBVM1XYEH64D8WKYI,5,3,7,Some,white,209,191,161,183,216,194,167,192,280,yes,512,33,female,English,gc,
36U2A8VAG275DVBVM1XYEH64D8WKYI,5,1,9,Most,black,175,193,175,176,168,184,193,175,201,yes,503,33,female,English,gc,
36U2A8VAG275DVBVM1XYEH64D8WKYI,5,7,3,All,black,223,200,168,136,153,167,200,184,208,no,472,33,female,English,gc,
36U2A8VAG275DVBVM1XYEH64D8WKYI,5,3,7,Most,black,240,183,183,161,184,152,160,168,177,yes,511,33,female,English,gc,
36U2A8VAG275DVBVM1XYEH64D8WKYI,5,6,4,All,white,344,184,159,169,176,175,168,176,191,no,785,33,female,English,gc,
36U2A8VAG275DVBVM1XYEH64D8WKYI,5,0,10,Some,black,176,168,159,161,176,168,177,167,208,no,863,33,female,English,gc,
36U2A8VAG275DVBVM1XYEH64D8WKYI,5,9,1,None,white,223,167,160,152,160,161,167,168,208,no,552,33,female,English,gc,
36U2A8VAG275DVBVM1XYEH64D8WKYI,5,3,7,None,black,367,160,160,160,152,168,161,159,185,no,687,33,female,English,gc,
36U2A8VAG275DVBVM1XYEH64D8WKYI,5,9,1,Most,white,280,193,159,160,336,177,167,153,176,yes,542,33,female,English,gc,
36U2A8VAG275DVBVM1XYEH64D8WKYI,5,8,2,None,white,160,176,160,160,151,179,167,169,238,no,424,33,female,English,gc,
36U2A8VAG275DVBVM1XYEH64D8WKYI,5,3,7,All,black,191,192,176,144,160,185,168,167,192,no,568,33,female,English,gc,
36U2A8VAG275DVBVM1XYEH64D8WKYI,5,0,10,Most,white,192,160,176,168,153,159,167,168,217,no,615,33,female,English,gc,
36U2A8VAG275DVBVM1XYEH64D8WKYI,5,10,0,Most,white,184,167,185,184,168,177,159,185,271,no,976,33,female,English,gc,
36U2A8VAG275DVBVM1XYEH64D8WKYI,5,1,9,Some,black,168,168,153,151,144,160,184,176,176,no,872,33,female,English,gc,
36U2A8VAG275DVBVM1XYEH64D8WKYI,5,0,10,All,white,176,177,152,160,151,201,192,152,216,no,584,33,female,English,gc,
36U2A8VAG275DVBVM1XYEH64D8WKYI,5,7,3,Most,black,152,169,175,137,328,176,151,177,248,yes,712,33,female,English,gc,
36U2A8VAG275DVBVM1XYEH64D8WKYI,5,7,3,None,black,184,152,151,152,161,159,177,159,193,no,488,33,female,English,gc,
36U2A8VAG275DVBVM1XYEH64D8WKYI,5,2,8,None,black,160,176,160,152,152,175,169,183,216,no,632,33,female,English,gc,
36U2A8VAG275DVBVM1XYEH64D8WKYI,5,0,10,None,white,183,161,152,151,177,184,160,176,240,yes,440,33,female,English,gc,
36U2A8VAG275DVBVM1XYEH64D8WKYI,5,4,6,None,white,161,184,159,137,191,161,152,161,191,no,568,33,female,English,gc,
36U2A8VAG275DVBVM1XYEH64D8WKYI,5,5,5,Some,black,193,191,153,159,184,193,175,169,208,yes,728,33,female,English,gc,
36U2A8VAG275DVBVM1XYEH64D8WKYI,5,2,8,Some,white,160,177,160,151,168,168,160,161,207,yes,881,33,female,English,gc,
36U2A8VAG275DVBVM1XYEH64D8WKYI,5,4,6,Some,black,177,160,176,136,193,150,153,151,168,yes,1345,33,female,English,gc,
32RIADZISTCN37AJ23ITPET7Z1AS4M,6,7,3,None,black,176,208,184,176,175,177,176,184,176,no,1688,40,female,English,ghs,none
32RIADZISTCN37AJ23ITPET7Z1AS4M,6,8,2,Some,white,464,168,160,176,159,176,169,168,231,yes,1505,40,female,English,ghs,none
32RIADZISTCN37AJ23ITPET7Z1AS4M,6,5,5,None,black,191,168,185,176,167,177,168,176,192,no,1472,40,female,English,ghs,none
32RIADZISTCN37AJ23ITPET7Z1AS4M,6,7,3,Most,white,216,184,192,177,176,176,176,177,199,yes,1423,40,female,English,ghs,none
32RIADZISTCN37AJ23ITPET7Z1AS4M,6,2,8,None,white,184,168,168,184,176,183,217,208,176,no,1648,40,female,English,ghs,none
32RIADZISTCN37AJ23ITPET7Z1AS4M,6,2,8,All,black,199,200,184,184,192,177,191,199,170,no,1728,40,female,English,ghs,none
32RIADZISTCN37AJ23ITPET7Z1AS4M,6,10,0,All,white,208,200,201,184,175,201,191,216,209,yes,1833,40,female,English,ghs,none
32RIADZISTCN37AJ23ITPET7Z1AS4M,6,9,1,All,white,201,184,184,176,176,184,175,193,200,no,1568,40,female,English,ghs,none
32RIADZISTCN37AJ23ITPET7Z1AS4M,6,9,1,Some,white,208,200,176,176,184,168,167,184,178,yes,1431,40,female,English,ghs,none
32RIADZISTCN37AJ23ITPET7Z1AS4M,6,6,4,None,black,175,185,184,183,193,200,191,185,184,no,2104,40,female,English,ghs,none
32RIADZISTCN37AJ23ITPET7Z1AS4M,6,6,4,Most,white,200,193,199,202,183,200,192,183,193,yes,1944,40,female,English,ghs,none
32RIADZISTCN37AJ23ITPET7Z1AS4M,6,2,8,Most,white,208,200,199,200,200,208,209,216,207,no,2209,40,female,English,ghs,none
32RIADZISTCN37AJ23ITPET7Z1AS4M,6,8,2,Most,black,208,200,200,175,184,184,200,192,200,no,1506,40,female,English,ghs,none
32RIADZISTCN37AJ23ITPET7Z1AS4M,6,3,7,Most,white,218,208,210,207,192,202,180,193,200,no,1592,40,female,English,ghs,none
32RIADZISTCN37AJ23ITPET7Z1AS4M,6,0,10,Most,white,232,192,199,193,192,183,201,199,209,no,1655,40,female,English,ghs,none
32RIADZISTCN37AJ23ITPET7Z1AS4M,6,5,5,Some,black,216,200,208,192,184,205,186,184,168,yes,1889,40,female,English,ghs,none
32RIADZISTCN37AJ23ITPET7Z1AS4M,6,4,6,Some,black,212,192,184,200,184,192,192,192,184,yes,1664,40,female,English,ghs,none
32RIADZISTCN37AJ23ITPET7Z1AS4M,6,7,3,All,white,216,207,193,192,184,184,184,176,176,no,1536,40,female,English,ghs,none
32RIADZISTCN37AJ23ITPET7Z1AS4M,6,9,1,None,black,191,193,184,183,185,187,172,177,183,no,1793,40,female,English,ghs,none
32RIADZISTCN37AJ23ITPET7Z1AS4M,6,10,0,Most,white,209,199,184,175,185,185,191,176,192,yes,1287,40,female,English,ghs,none
32RIADZISTCN37AJ23ITPET7Z1AS4M,6,5,5,Most,black,184,176,168,168,176,184,184,168,177,yes,1199,40,female,English,ghs,none
32RIADZISTCN37AJ23ITPET7Z1AS4M,6,1,9,All,black,199,201,200,192,192,207,200,200,185,no,1959,40,female,English,ghs,none
32RIADZISTCN37AJ23ITPET7Z1AS4M,6,7,3,Some,black,201,184,192,176,167,177,168,176,168,yes,1497,40,female,English,ghs,none
32RIADZISTCN37AJ23ITPET7Z1AS4M,6,3,7,None,white,216,193,184,191,178,175,177,183,200,no,1480,40,female,English,ghs,none
32RIADZISTCN37AJ23ITPET7Z1AS4M,6,1,9,Some,white,168,168,160,160,160,168,160,168,159,yes,1513,40,female,English,ghs,none
32RIADZISTCN37AJ23ITPET7Z1AS4M,6,9,1,Most,white,184,184,168,176,167,184,176,176,176,no,2641,40,female,English,ghs,none
32RIADZISTCN37AJ23ITPET7Z1AS4M,6,0,10,All,black,232,232,207,233,215,225,224,200,216,yes,1600,40,female,English,ghs,none
32RIADZISTCN37AJ23ITPET7Z1AS4M,6,1,9,Most,black,224,201,208,217,223,225,206,209,208,yes,1679,40,female,English,ghs,none
32RIADZISTCN37AJ23ITPET7Z1AS4M,6,3,7,Some,black,223,208,208,209,207,208,192,176,184,yes,1457,40,female,English,ghs,none
32RIADZISTCN37AJ23ITPET7Z1AS4M,6,6,4,All,black,200,192,175,185,178,182,185,167,184,no,1800,40,female,English,ghs,none
32RIADZISTCN37AJ23ITPET7Z1AS4M,6,1,9,None,white,208,200,200,192,192,184,184,176,176,no,1400,40,female,English,ghs,none
32RIADZISTCN37AJ23ITPET7Z1AS4M,6,0,10,Some,black,206,200,200,200,168,178,182,184,183,no,1514,40,female,English,ghs,none
32RIADZISTCN37AJ23ITPET7Z1AS4M,6,10,0,None,white,221,188,192,192,192,208,210,190,192,no,1160,40,female,English,ghs,none
32RIADZISTCN37AJ23ITPET7Z1AS4M,6,6,4,Some,black,215,192,200,209,191,193,192,188,180,yes,1791,40,female,English,ghs,none
32RIADZISTCN37AJ23ITPET7Z1AS4M,6,3,7,All,white,241,199,184,192,176,192,176,176,176,no,2559,40,female,English,ghs,none
32RIADZISTCN37AJ23ITPET7Z1AS4M,6,0,10,None,white,200,184,193,183,184,176,184,176,177,yes,2127,40,female,English,ghs,none
32RIADZISTCN37AJ23ITPET7Z1AS4M,6,8,2,All,black,200,192,176,168,193,167,177,166,186,no,1703,40,female,English,ghs,none
32RIADZISTCN37AJ23ITPET7Z1AS4M,6,4,6,Most,black,200,195,190,184,192,167,185,193,167,yes,1401,40,female,English,ghs,none
32RIADZISTCN37AJ23ITPET7Z1AS4M,6,10,0,Some,black,225,199,184,192,192,201,183,184,177,no,1511,40,female,English,ghs,none
32RIADZISTCN37AJ23ITPET7Z1AS4M,6,8,2,None,white,240,199,201,192,192,200,192,200,184,no,2512,40,female,English,ghs,none
32RIADZISTCN37AJ23ITPET7Z1AS4M,6,4,6,All,white,232,201,175,185,176,169,184,191,185,no,2479,40,female,English,ghs,none
32RIADZISTCN37AJ23ITPET7Z1AS4M,6,5,5,All,white,184,184,168,184,184,169,176,167,168,no,1896,40,female,English,ghs,none
32RIADZISTCN37AJ23ITPET7Z1AS4M,6,4,6,None,black,192,176,176,192,175,176,171,174,160,no,1688,40,female,English,ghs,none
32RIADZISTCN37AJ23ITPET7Z1AS4M,6,2,8,Some,black,192,192,177,191,193,184,192,192,160,no,1464,40,female,English,ghs,none
340UGXU9DZ92CXL2B4EGD5B8XISUVG,7,9,1,None,white,1048,576,536,513,519,536,488,512,535,no,1154,41,female,english,hd,
340UGXU9DZ92CXL2B4EGD5B8XISUVG,7,2,8,Some,white,456,496,496,496,496,489,471,480,520,yes,1657,41,female,english,hd,
340UGXU9DZ92CXL2B4EGD5B8XISUVG,7,10,0,All,black,496,496,488,503,497,504,504,496,520,no,1409,41,female,english,hd,
340UGXU9DZ92CXL2B4EGD5B8XISUVG,7,3,7,Some,black,504,472,480,528,504,488,480,472,536,yes,1145,41,female,english,hd,
340UGXU9DZ92CXL2B4EGD5B8XISUVG,7,2,8,None,white,567,496,520,457,495,464,448,504,489,no,1280,41,female,english,hd,
340UGXU9DZ92CXL2B4EGD5B8XISUVG,7,4,6,All,white,488,448,480,464,441,431,416,408,449,no,1104,41,female,english,hd,
340UGXU9DZ92CXL2B4EGD5B8XISUVG,7,7,3,Some,black,504,464,440,456,497,487,456,377,464,yes,1160,41,female,english,hd,
340UGXU9DZ92CXL2B4EGD5B8XISUVG,7,8,2,None,white,672,464,432,432,456,456,416,409,424,no,1472,41,female,english,hd,
340UGXU9DZ92CXL2B4EGD5B8XISUVG,7,6,4,None,black,528,456,488,648,640,856,769,839,1432,no,1105,41,female,english,hd,
340UGXU9DZ92CXL2B4EGD5B8XISUVG,7,10,0,Some,black,569,503,552,616,560,624,528,528,520,no,1161,41,female,english,hd,
340UGXU9DZ92CXL2B4EGD5B8XISUVG,7,4,6,Some,black,616,360,304,336,327,305,321,271,320,yes,1393,41,female,english,hd,
340UGXU9DZ92CXL2B4EGD5B8XISUVG,7,8,2,Most,black,360,216,240,224,256,296,377,239,224,no,1097,41,female,english,hd,
340UGXU9DZ92CXL2B4EGD5B8XISUVG,7,7,3,All,black,456,256,216,224,232,255,265,224,216,no,969,41,female,english,hd,
340UGXU9DZ92CXL2B4EGD5B8XISUVG,7,0,10,Some,black,377,239,216,304,512,792,257,319,601,yes,1160,41,female,english,hd,
340UGXU9DZ92CXL2B4EGD5B8XISUVG,7,5,5,Most,white,544,520,487,449,520,552,432,304,352,yes,1089,41,female,english,hd,
340UGXU9DZ92CXL2B4EGD5B8XISUVG,7,5,5,None,black,841,536,456,472,480,416,288,288,224,no,977,41,female,english,hd,
340UGXU9DZ92CXL2B4EGD5B8XISUVG,7,6,4,Most,black,712,408,288,327,353,417,391,352,831,no,922,41,female,english,hd,
340UGXU9DZ92CXL2B4EGD5B8XISUVG,7,0,10,Most,black,320,272,287,281,392,400,312,419,917,yes,985,41,female,english,hd,
340UGXU9DZ92CXL2B4EGD5B8XISUVG,7,5,5,All,black,448,304,232,225,207,297,303,240,200,no,881,41,female,english,hd,
340UGXU9DZ92CXL2B4EGD5B8XISUVG,7,8,2,Some,white,480,424,376,369,423,417,351,296,248,yes,1057,41,female,english,hd,
340UGXU9DZ92CXL2B4EGD5B8XISUVG,7,2,8,All,white,552,344,256,240,280,256,416,281,471,no,793,41,female,english,hd,
340UGXU9DZ92CXL2B4EGD5B8XISUVG,7,1,9,All,white,488,320,312,288,263,281,240,280,272,no,1393,41,female,english,hd,
340UGXU9DZ92CXL2B4EGD5B8XISUVG,7,2,8,Most,white,656,280,248,280,456,584,184,200,208,no,1449,41,female,english,hd,
340UGXU9DZ92CXL2B4EGD5B8XISUVG,7,3,7,None,black,944,520,464,456,472,448,488,481,551,no,1465,41,female,english,hd,
340UGXU9DZ92CXL2B4EGD5B8XISUVG,7,0,10,All,black,432,409,439,432,473,567,448,416,1543,yes,1690,41,female,english,hd,
340UGXU9DZ92CXL2B4EGD5B8XISUVG,7,3,7,Most,white,751,376,344,360,424,408,312,264,264,no,913,41,female,english,hd,
340UGXU9DZ92CXL2B4EGD5B8XISUVG,7,0,10,None,black,344,280,352,337,431,600,200,184,208,no,881,41,female,english,hd,
340UGXU9DZ92CXL2B4EGD5B8XISUVG,7,1,9,Some,white,438,272,208,327,385,648,176,168,176,yes,1009,41,female,english,hd,
340UGXU9DZ92CXL2B4EGD5B8XISUVG,7,10,0,Most,black,215,192,232,256,424,152,682,166,176,no,977,41,female,english,hd,
340UGXU9DZ92CXL2B4EGD5B8XISUVG,7,4,6,None,black,552,512,481,511,528,560,480,505,496,no,1072,41,female,english,hd,
340UGXU9DZ92CXL2B4EGD5B8XISUVG,7,6,4,Some,white,680,352,376,241,222,625,192,168,193,yes,1456,41,female,english,hd,
340UGXU9DZ92CXL2B4EGD5B8XISUVG,7,9,1,Some,white,744,608,616,577,607,624,584,592,696,yes,1185,41,female,english,hd,
340UGXU9DZ92CXL2B4EGD5B8XISUVG,7,1,9,Most,black,367,272,264,240,208,281,271,192,168,yes,1249,41,female,english,hd,
340UGXU9DZ92CXL2B4EGD5B8XISUVG,7,9,1,All,white,415,408,424,360,336,408,400,384,560,no,1169,41,female,english,hd,
340UGXU9DZ92CXL2B4EGD5B8XISUVG,7,4,6,Most,white,488,400,448,440,520,536,353,327,688,no,833,41,female,english,hd,
340UGXU9DZ92CXL2B4EGD5B8XISUVG,7,9,1,Most,white,503,413,436,391,448,712,249,463,552,yes,1081,41,female,english,hd,
340UGXU9DZ92CXL2B4EGD5B8XISUVG,7,8,2,All,white,471,440,417,383,416,433,400,415,416,no,1105,41,female,english,hd,
340UGXU9DZ92CXL2B4EGD5B8XISUVG,7,1,9,None,black,536,496,472,488,521,463,424,400,424,no,905,41,female,english,hd,
340UGXU9DZ92CXL2B4EGD5B8XISUVG,7,10,0,None,white,431,320,368,352,568,608,184,168,537,no,1090,41,female,english,hd,
340UGXU9DZ92CXL2B4EGD5B8XISUVG,7,3,7,All,black,512,240,225,247,256,512,184,176,168,no,873,41,female,english,hd,
340UGXU9DZ92CXL2B4EGD5B8XISUVG,7,5,5,Some,white,552,360,336,368,400,360,248,176,176,yes,1265,41,female,english,hd,
340UGXU9DZ92CXL2B4EGD5B8XISUVG,7,7,3,Most,white,520,368,272,256,592,752,176,184,680,yes,921,41,female,english,hd,
340UGXU9DZ92CXL2B4EGD5B8XISUVG,7,6,4,All,black,688,248,216,216,208,752,185,183,193,no,968,41,female,english,hd,
340UGXU9DZ92CXL2B4EGD5B8XISUVG,7,7,3,None,white,552,240,225,199,192,176,192,216,305,no,944,41,female,english,hd,
3UOUJI6MTEMUGMQXBJFY1Q8TDT0UXJ,8,3,7,Most,white,454,339,176,165,183,223,332,282,401,no,908,27,female,english,gc,
3UOUJI6MTEMUGMQXBJFY1Q8TDT0UXJ,8,8,2,None,white,199,461,205,208,199,184,212,237,312,no,955,27,female,english,gc,
3UOUJI6MTEMUGMQXBJFY1Q8TDT0UXJ,8,9,1,Some,white,434,212,180,184,172,187,188,207,229,yes,1534,27,female,english,gc,
3UOUJI6MTEMUGMQXBJFY1Q8TDT0UXJ,8,6,4,Most,black,300,415,209,183,185,214,235,190,177,no,883,27,female,english,gc,
3UOUJI6MTEMUGMQXBJFY1Q8TDT0UXJ,8,8,2,Some,black,371,277,190,176,169,167,180,165,179,yes,932,27,female,english,gc,
3UOUJI6MTEMUGMQXBJFY1Q8TDT0UXJ,8,8,2,All,black,460,179,154,213,176,183,208,178,185,no,841,27,female,english,gc,
3UOUJI6MTEMUGMQXBJFY1Q8TDT0UXJ,8,2,8,All,white,600,187,173,173,168,182,177,177,279,no,1077,27,female,english,gc,
3UOUJI6MTEMUGMQXBJFY1Q8TDT0UXJ,8,4,6,Some,black,352,214,182,191,183,177,204,164,194,yes,1195,27,female,english,gc,
3UOUJI6MTEMUGMQXBJFY1Q8TDT0UXJ,8,6,4,Some,white,793,255,351,233,241,221,219,280,426,yes,1919,27,female,english,gc,
3UOUJI6MTEMUGMQXBJFY1Q8TDT0UXJ,8,5,5,All,black,313,210,207,183,172,198,181,205,273,no,707,27,female,english,gc,
3UOUJI6MTEMUGMQXBJFY1Q8TDT0UXJ,8,9,1,None,white,322,195,196,187,209,192,216,359,364,no,1258,27,female,english,gc,
3UOUJI6MTEMUGMQXBJFY1Q8TDT0UXJ,8,7,3,Some,white,500,202,186,165,184,192,187,195,269,yes,679,27,female,english,gc,
3UOUJI6MTEMUGMQXBJFY1Q8TDT0UXJ,8,10,0,All,black,225,263,204,187,179,179,411,419,413,no,908,27,female,english,gc,
3UOUJI6MTEMUGMQXBJFY1Q8TDT0UXJ,8,1,9,All,black,352,207,188,171,187,164,175,190,267,no,851,27,female,english,gc,
3UOUJI6MTEMUGMQXBJFY1Q8TDT0UXJ,8,1,9,Some,black,203,204,182,171,171,180,189,288,434,yes,1140,27,female,english,gc,
3UOUJI6MTEMUGMQXBJFY1Q8TDT0UXJ,8,3,7,None,white,246,215,175,189,163,191,198,318,404,no,746,27,female,english,gc,
3UOUJI6MTEMUGMQXBJFY1Q8TDT0UXJ,8,0,10,All,black,339,193,182,169,181,313,379,419,417,yes,883,27,female,english,gc,
3UOUJI6MTEMUGMQXBJFY1Q8TDT0UXJ,8,5,5,Most,white,174,167,167,195,181,171,179,182,220,no,1341,27,female,english,gc,
3UOUJI6MTEMUGMQXBJFY1Q8TDT0UXJ,8,5,5,Some,black,457,181,166,183,161,173,170,182,211,yes,997,27,female,english,gc,
3UOUJI6MTEMUGMQXBJFY1Q8TDT0UXJ,8,10,0,Some,white,187,199,195,171,166,170,183,184,240,no,1040,27,female,english,gc,
3UOUJI6MTEMUGMQXBJFY1Q8TDT0UXJ,8,7,3,None,black,208,274,184,176,175,198,179,245,226,no,510,27,female,english,gc,
3UOUJI6MTEMUGMQXBJFY1Q8TDT0UXJ,8,0,10,None,white,226,211,196,182,181,177,184,276,311,yes,810,27,female,english,gc,
3UOUJI6MTEMUGMQXBJFY1Q8TDT0UXJ,8,9,1,All,white,182,178,168,185,184,177,182,168,182,no,653,27,female,english,gc,
3UOUJI6MTEMUGMQXBJFY1Q8TDT0UXJ,8,1,9,None,black,201,184,173,175,191,156,178,178,406,no,500,27,female,english,gc,
3UOUJI6MTEMUGMQXBJFY1Q8TDT0UXJ,8,2,8,Most,white,186,182,169,188,173,181,185,197,290,no,490,27,female,english,gc,
3UOUJI6MTEMUGMQXBJFY1Q8TDT0UXJ,8,0,10,Some,black,250,190,179,172,180,181,178,185,245,no,928,27,female,english,gc,
3UOUJI6MTEMUGMQXBJFY1Q8TDT0UXJ,8,8,2,Most,black,201,193,181,172,193,187,208,273,420,no,507,27,female,english,gc,
3UOUJI6MTEMUGMQXBJFY1Q8TDT0UXJ,8,2,8,None,white,218,226,188,207,164,189,187,178,191,no,1319,27,female,english,gc,
3UOUJI6MTEMUGMQXBJFY1Q8TDT0UXJ,8,1,9,Most,white,203,196,179,182,191,198,191,202,269,no,547,27,female,english,gc,
3UOUJI6MTEMUGMQXBJFY1Q8TDT0UXJ,8,4,6,Most,white,254,197,174,192,179,182,193,177,190,yes,922,27,female,english,gc,
3UOUJI6MTEMUGMQXBJFY1Q8TDT0UXJ,8,10,0,Most,black,228,192,166,174,169,179,209,194,187,no,607,27,female,english,gc,
3UOUJI6MTEMUGMQXBJFY1Q8TDT0UXJ,8,6,4,None,black,195,211,173,173,167,164,176,258,411,no,531,27,female,english,gc,
3UOUJI6MTEMUGMQXBJFY1Q8TDT0UXJ,8,10,0,None,white,278,250,186,167,176,185,224,370,279,no,438,27,female,english,gc,
3UOUJI6MTEMUGMQXBJFY1Q8TDT0UXJ,8,3,7,Some,black,236,173,172,166,171,185,177,178,175,yes,773,27,female,english,gc,
3UOUJI6MTEMUGMQXBJFY1Q8TDT0UXJ,8,7,3,All,black,201,178,163,164,220,161,173,180,208,no,650,27,female,english,gc,
3UOUJI6MTEMUGMQXBJFY1Q8TDT0UXJ,8,0,10,Most,black,172,184,169,183,181,188,204,358,305,yes,837,27,female,english,gc,
3UOUJI6MTEMUGMQXBJFY1Q8TDT0UXJ,8,2,8,Some,white,246,215,202,167,170,186,176,182,210,yes,683,27,female,english,gc,
3UOUJI6MTEMUGMQXBJFY1Q8TDT0UXJ,8,5,5,None,black,176,173,163,176,183,174,178,193,225,no,516,27,female,english,gc,
3UOUJI6MTEMUGMQXBJFY1Q8TDT0UXJ,8,6,4,All,white,228,248,184,182,175,182,172,181,205,no,682,27,female,english,gc,
3UOUJI6MTEMUGMQXBJFY1Q8TDT0UXJ,8,9,1,Most,white,476,180,187,191,173,168,179,191,180,yes,1325,27,female,english,gc,
3UOUJI6MTEMUGMQXBJFY1Q8TDT0UXJ,8,7,3,Most,white,206,195,184,176,193,183,197,185,186,yes,1173,27,female,english,gc,
3UOUJI6MTEMUGMQXBJFY1Q8TDT0UXJ,8,3,7,All,black,213,194,185,178,178,184,175,179,198,yes,933,27,female,english,gc,
3UOUJI6MTEMUGMQXBJFY1Q8TDT0UXJ,8,4,6,None,white,211,190,171,177,172,179,182,202,225,no,1238,27,female,english,gc,
3UOUJI6MTEMUGMQXBJFY1Q8TDT0UXJ,8,4,6,All,black,189,177,164,154,187,186,174,177,182,no,831,27,female,english,gc,
3GM6G9ZBKO54MXC4X7NFLD6TNB9MT0,9,10,0,Most,white,982,512,431,497,512,568,519,544,641,no,1393,33,female,English,gc,
3GM6G9ZBKO54MXC4X7NFLD6TNB9MT0,9,5,5,None,black,551,432,392,429,565,435,436,537,463,no,2719,33,female,English,gc,
3GM6G9ZBKO54MXC4X7NFLD6TNB9MT0,9,1,9,All,white,974,451,357,435,475,363,411,480,474,no,748,33,female,English,gc,
3GM6G9ZBKO54MXC4X7NFLD6TNB9MT0,9,1,9,Some,black,672,531,444,443,458,774,523,469,547,yes,1228,33,female,English,gc,
3GM6G9ZBKO54MXC4X7NFLD6TNB9MT0,9,8,2,None,white,549,474,400,299,478,808,376,501,535,no,1241,33,female,English,gc,
3GM6G9ZBKO54MXC4X7NFLD6TNB9MT0,9,5,5,All,black,632,416,408,421,448,430,494,439,472,no,907,33,female,English,gc,
3GM6G9ZBKO54MXC4X7NFLD6TNB9MT0,9,6,4,All,black,664,416,329,226,248,306,495,428,402,no,869,33,female,English,gc,
3GM6G9ZBKO54MXC4X7NFLD6TNB9MT0,9,2,8,Most,white,653,474,348,909,411,907,285,447,557,no,991,33,female,English,gc,
3GM6G9ZBKO54MXC4X7NFLD6TNB9MT0,9,5,5,Some,white,974,362,312,392,317,354,555,315,392,yes,1077,33,female,English,gc,
3GM6G9ZBKO54MXC4X7NFLD6TNB9MT0,9,8,2,Some,white,669,420,337,324,298,517,286,238,509,yes,903,33,female,English,gc,
3GM6G9ZBKO54MXC4X7NFLD6TNB9MT0,9,10,0,All,white,524,448,366,434,421,534,341,324,392,yes,714,33,female,English,gc,
3GM6G9ZBKO54MXC4X7NFLD6TNB9MT0,9,7,3,None,white,558,427,346,442,311,542,285,478,448,no,806,33,female,English,gc,
3GM6G9ZBKO54MXC4X7NFLD6TNB9MT0,9,0,10,Some,black,486,419,395,351,310,764,270,1714,1368,no,1485,33,female,English,gc,
3GM6G9ZBKO54MXC4X7NFLD6TNB9MT0,9,4,6,Some,black,557,394,262,280,264,243,294,233,472,yes,1099,33,female,English,gc,
3GM6G9ZBKO54MXC4X7NFLD6TNB9MT0,9,1,9,None,white,934,310,270,265,316,268,298,254,434,no,829,33,female,English,gc,
3GM6G9ZBKO54MXC4X7NFLD6TNB9MT0,9,7,3,Some,white,737,264,259,227,282,301,454,296,429,yes,984,33,female,English,gc,
3GM6G9ZBKO54MXC4X7NFLD6TNB9MT0,9,10,0,Some,black,485,382,318,273,328,562,283,248,473,no,919,33,female,English,gc,
3GM6G9ZBKO54MXC4X7NFLD6TNB9MT0,9,3,7,Most,black,689,405,320,339,379,685,293,262,462,yes,700,33,female,English,gc,
3GM6G9ZBKO54MXC4X7NFLD6TNB9MT0,9,9,1,All,black,510,360,272,244,304,285,270,238,262,no,961,33,female,English,gc,
3GM6G9ZBKO54MXC4X7NFLD6TNB9MT0,9,4,6,All,white,893,274,249,267,276,253,263,275,545,no,1180,33,female,English,gc,
3GM6G9ZBKO54MXC4X7NFLD6TNB9MT0,9,3,7,All,black,2368,455,270,227,243,266,759,274,417,no,667,33,female,English,gc,
3GM6G9ZBKO54MXC4X7NFLD6TNB9MT0,9,1,9,Most,white,603,277,295,240,264,508,355,243,393,no,1401,33,female,English,gc,
3GM6G9ZBKO54MXC4X7NFLD6TNB9MT0,9,3,7,None,black,379,610,266,279,271,268,267,326,549,no,1129,33,female,English,gc,
3GM6G9ZBKO54MXC4X7NFLD6TNB9MT0,9,9,1,Most,black,586,300,255,248,292,670,285,250,552,no,1171,33,female,English,gc,
3GM6G9ZBKO54MXC4X7NFLD6TNB9MT0,9,7,3,Most,white,522,321,253,264,285,627,260,267,478,yes,800,33,female,English,gc,
3GM6G9ZBKO54MXC4X7NFLD6TNB9MT0,9,6,4,None,white,480,265,250,265,262,242,254,307,268,no,1551,33,female,English,gc,
3GM6G9ZBKO54MXC4X7NFLD6TNB9MT0,9,5,5,Most,white,784,452,297,269,473,1021,232,245,487,no,850,33,female,English,gc,
3GM6G9ZBKO54MXC4X7NFLD6TNB9MT0,9,4,6,None,white,614,280,216,262,238,254,261,270,363,no,851,33,female,English,gc,
3GM6G9ZBKO54MXC4X7NFLD6TNB9MT0,9,4,6,Most,white,894,263,248,270,253,571,186,278,476,no,721,33,female,English,gc,
3GM6G9ZBKO54MXC4X7NFLD6TNB9MT0,9,8,2,All,black,515,269,242,241,242,247,239,241,481,no,849,33,female,English,gc,
3GM6G9ZBKO54MXC4X7NFLD6TNB9MT0,9,0,10,None,white,500,345,249,243,243,249,391,253,529,yes,684,33,female,English,gc,
3GM6G9ZBKO54MXC4X7NFLD6TNB9MT0,9,7,3,All,black,527,286,230,283,257,235,267,274,494,no,864,33,female,English,gc,
3GM6G9ZBKO54MXC4X7NFLD6TNB9MT0,9,2,8,Some,black,345,369,289,279,254,217,939,800,914,yes,1098,33,female,English,gc,
3GM6G9ZBKO54MXC4X7NFLD6TNB9MT0,9,6,4,Most,white,569,268,267,294,289,528,281,329,511,yes,807,33,female,English,gc,
3GM6G9ZBKO54MXC4X7NFLD6TNB9MT0,9,0,10,All,black,418,270,293,236,615,543,277,264,432,yes,838,33,female,English,gc,
3GM6G9ZBKO54MXC4X7NFLD6TNB9MT0,9,0,10,Most,white,409,337,257,254,248,267,469,286,502,no,682,33,female,English,gc,
3GM6G9ZBKO54MXC4X7NFLD6TNB9MT0,9,9,1,None,black,387,277,260,260,249,267,243,259,631,no,1025,33,female,English,gc,
3GM6G9ZBKO54MXC4X7NFLD6TNB9MT0,9,8,2,Most,black,507,285,218,262,271,549,246,241,534,no,1211,33,female,English,gc,
3GM6G9ZBKO54MXC4X7NFLD6TNB9MT0,9,9,1,Some,black,454,271,246,248,242,620,273,252,413,yes,1144,33,female,English,gc,
3GM6G9ZBKO54MXC4X7NFLD6TNB9MT0,9,2,8,None,white,317,352,257,252,266,282,284,248,265,no,1141,33,female,English,gc,
3GM6G9ZBKO54MXC4X7NFLD6TNB9MT0,9,10,0,None,black,557,249,245,257,698,613,242,297,457,yes,865,33,female,English,gc,
3GM6G9ZBKO54MXC4X7NFLD6TNB9MT0,9,3,7,Some,black,487,266,566,264,259,280,405,264,515,yes,893,33,female,English,gc,
3GM6G9ZBKO54MXC4X7NFLD6TNB9MT0,9,6,4,Some,white,686,292,251,234,237,282,266,253,315,yes,885,33,female,English,gc,
3GM6G9ZBKO54MXC4X7NFLD6TNB9MT0,9,2,8,All,black,912,303,267,251,290,244,281,283,421,no,983,33,female,English,gc,
