assignment_id,subject,white_balls,black_balls,quantifier,colour,QUANT,of,the1,balls,are,TGW,IN,the2,picture,answer,answer_time,age,gender,languages,education,comments
3A1COHJ8NK3ZWZJ53CW72C2AUT8H8G,1,0,10,Most,white,319,408,265,247,272,240,249,311,288,no,801,42,female,english,,
3A1COHJ8NK3ZWZJ53CW72C2AUT8H8G,1,1,9,All,white,240,245,249,225,232,224,231,232,241,no,959,42,female,english,,
3A1COHJ8NK3ZWZJ53CW72C2AUT8H8G,1,4,6,None,black,552,280,257,230,210,222,233,233,230,no,786,42,female,english,,
3A1COHJ8NK3ZWZJ53CW72C2AUT8H8G,1,0,10,All,black,465,344,215,208,145,231,249,383,1656,yes,985,42,female,english,,
3A1COHJ8NK3ZWZJ53CW72C2AUT8H8G,1,1,9,Most,black,249,254,265,249,230,217,191,217,249,yes,655,42,female,english,,
3A1COHJ8NK3ZWZJ53CW72C2AUT8H8G,1,1,9,Most,white,257,199,224,191,201,183,281,55,185,no,777,42,female,english,,
3A1COHJ8NK3ZWZJ53CW72C2AUT8H8G,1,9,1,All,white,352,256,183,201,192,192,207,226,206,no,648,42,female,english,,
3A1COHJ8NK3ZWZJ53CW72C2AUT8H8G,1,6,4,Most,white,272,239,249,216,224,223,248,273,112,yes,4343,42,female,english,,
3A1COHJ8NK3ZWZJ53CW72C2AUT8H8G,1,2,8,Most,white,129,200,168,175,162,167,192,176,601,no,791,42,female,english,,
3A1COHJ8NK3ZWZJ53CW72C2AUT8H8G,1,2,8,All,black,201,199,177,175,145,159,186,167,184,no,737,42,female,english,,
3A1COHJ8NK3ZWZJ53CW72C2AUT8H8G,1,3,7,Most,white,249,183,217,215,217,287,257,169,255,no,769,42,female,english,,
3A1COHJ8NK3ZWZJ53CW72C2AUT8H8G,1,7,3,Some,black,255,184,169,192,176,160,336,47,170,yes,943,42,female,english,,
3A1COHJ8NK3ZWZJ53CW72C2AUT8H8G,1,4,6,None,white,327,290,159,135,209,151,177,184,280,no,4600,42,female,english,,
3A1COHJ8NK3ZWZJ53CW72C2AUT8H8G,1,3,7,None,black,225,183,169,152,287,56,122,167,312,no,672,42,female,english,,
3A1COHJ8NK3ZWZJ53CW72C2AUT8H8G,1,8,2,Some,black,231,208,183,169,176,119,170,207,191,yes,690,42,female,english,,
3A1COHJ8NK3ZWZJ53CW72C2AUT8H8G,1,0,10,All,white,216,176,152,167,145,168,152,159,288,no,785,42,female,english,,
3A1COHJ8NK3ZWZJ53CW72C2AUT8H8G,1,5,5,Some,white,158,162,151,175,152,161,160,87,648,yes,634,42,female,english,,
3A1COHJ8NK3ZWZJ53CW72C2AUT8H8G,1,6,4,All,black,408,336,56,79,160,152,154,159,542,no,497,42,female,english,,
3A1COHJ8NK3ZWZJ53CW72C2AUT8H8G,1,10,0,Some,black,247,146,159,511,49,48,57,111,145,no,959,42,female,english,,
3A1COHJ8NK3ZWZJ53CW72C2AUT8H8G,1,6,4,Some,black,328,297,272,304,344,360,343,344,521,yes,1441,42,female,english,,
3A1COHJ8NK3ZWZJ53CW72C2AUT8H8G,1,1,9,None,white,304,274,230,241,240,264,232,297,487,no,1625,42,female,english,,
3A1COHJ8NK3ZWZJ53CW72C2AUT8H8G,1,3,7,Most,black,231,384,72,296,247,249,216,224,256,yes,1272,42,female,english,,
3A1COHJ8NK3ZWZJ53CW72C2AUT8H8G,1,3,7,Some,black,463,241,231,248,232,248,272,351,609,yes,1064,42,female,english,,
3A1COHJ8NK3ZWZJ53CW72C2AUT8H8G,1,2,8,None,white,255,223,200,233,248,192,216,281,311,no,1519,42,female,english,,
3A1COHJ8NK3ZWZJ53CW72C2AUT8H8G,1,9,1,Some,white,384,223,265,247,233,215,234,463,424,yes,1553,42,female,english,,
3A1COHJ8NK3ZWZJ53CW72C2AUT8H8G,1,4,6,All,black,240,201,176,160,167,192,185,232,233,no,1616,42,female,english,,
3A1COHJ8NK3ZWZJ53CW72C2AUT8H8G,1,10,0,Some,white,191,176,169,144,152,152,161,190,266,yes,2224,42,female,english,,
3A1COHJ8NK3ZWZJ53CW72C2AUT8H8G,1,9,1,Some,black,440,257,151,152,136,143,153,137,150,yes,1449,42,female,english,,
3A1COHJ8NK3ZWZJ53CW72C2AUT8H8G,1,2,8,Most,black,247,200,209,166,177,136,160,232,792,yes,1040,42,female,english,,
3A1COHJ8NK3ZWZJ53CW72C2AUT8H8G,1,2,8,None,black,192,191,225,144,143,314,48,55,135,no,1576,42,female,english,,
3A1COHJ8NK3ZWZJ53CW72C2AUT8H8G,1,7,3,None,black,233,175,169,144,136,160,151,154,191,no,1161,42,female,english,,
3A1COHJ8NK3ZWZJ53CW72C2AUT8H8G,1,3,7,All,white,233,185,158,136,154,126,145,176,296,no,1937,42,female,english,,
3A1COHJ8NK3ZWZJ53CW72C2AUT8H8G,1,0,10,Most,black,240,192,152,151,129,145,135,122,213,yes,2738,42,female,english,,
3A1COHJ8NK3ZWZJ53CW72C2AUT8H8G,1,5,5,All,white,270,201,127,313,280,47,81,506,382,no,1264,42,female,english,,
3A1COHJ8NK3ZWZJ53CW72C2AUT8H8G,1,6,4,Some,white,160,153,135,153,145,151,129,143,160,yes,848,42,female,english,,
3A1COHJ8NK3ZWZJ53CW72C2AUT8H8G,1,2,8,All,white,249,158,138,151,143,153,143,145,168,no,873,42,female,english,,
3A1COHJ8NK3ZWZJ53CW72C2AUT8H8G,1,9,1,None,white,455,177,175,143,328,56,81,152,135,no,929,42,female,english,,
3A1COHJ8NK3ZWZJ53CW72C2AUT8H8G,1,0,10,None,white,232,208,145,151,168,160,144,160,176,yes,808,42,female,english,,
3A1COHJ8NK3ZWZJ53CW72C2AUT8H8G,1,2,8,Some,black,263,152,144,169,151,152,137,151,209,yes,744,42,female,english,,
3A1COHJ8NK3ZWZJ53CW72C2AUT8H8G,1,5,5,None,white,353,56,80,144,160,160,288,57,102,no,930,42,female,english,,
3A1COHJ8NK3ZWZJ53CW72C2AUT8H8G,1,0,10,None,black,168,144,135,154,159,145,136,150,153,no,793,42,female,english,,
3A1COHJ8NK3ZWZJ53CW72C2AUT8H8G,1,3,7,All,black,167,175,225,122,143,119,128,144,223,no,1690,42,female,english,,
3A1COHJ8NK3ZWZJ53CW72C2AUT8H8G,1,6,4,Most,black,169,215,447,202,151,208,224,176,241,no,1695,42,female,english,,
3A1COHJ8NK3ZWZJ53CW72C2AUT8H8G,1,5,5,Most,white,319,202,159,168,176,176,192,241,239,no,1361,42,female,english,,
39GHHAVOMGZU44RTF99FXD2K5ZG4J1,2,4,6,None,white,108,59,114,64,133,80,81,99,75,yes,1375,23,male,english,gc,it was fun
39GHHAVOMGZU44RTF99FXD2K5ZG4J1,2,8,2,All,black,111,62,102,86,110,119,65,185,62,yes,808,23,male,english,gc,it was fun
39GHHAVOMGZU44RTF99FXD2K5ZG4J1,2,4,6,Most,white,89,99,58,200,147,87,104,105,50,yes,978,23,male,english,gc,it was fun
39GHHAVOMGZU44RTF99FXD2K5ZG4J1,2,8,2,Most,black,108,202,81,108,78,131,44,53,157,yes,989,23,male,english,gc,it was fun
39GHHAVOMGZU44RTF99FXD2K5ZG4J1,2,5,5,Most,white,106,98,83,113,92,203,103,82,124,yes,991,23,male,english,gc,it was fun
39GHHAVOMGZU44RTF99FXD2K5ZG4J1,2,7,3,Most,white,123,91,99,87,83,97,41,122,81,no,1021,23,male,english,gc,it was fun
39GHHAVOMGZU44RTF99FXD2K5ZG4J1,2,9,1,Some,white,143,53,119,78,176,7,86,95,82,no,1158,23,male,english,gc,it was fun
39GHHAVOMGZU44RTF99FXD2K5ZG4J1,2,10,0,All,black,119,86,60,197,1,93,61,199,8,yes,957,23,male,english,gc,it was fun
39GHHAVOMGZU44RTF99FXD2K5ZG4J1,2,7,3,Some,black,94,126,86,50,127,48,105,84,79,yes,1398,23,male,english,gc,it was fun
39GHHAVOMGZU44RTF99FXD2K5ZG4J1,2,3,7,All,white,90,112,53,99,85,111,87,101,82,yes,1003,23,male,english,gc,it was fun
39GHHAVOMGZU44RTF99FXD2K5ZG4J1,2,2,8,Most,black,343,83,437,114,357,167,579,257,163,yes,1150,23,male,english,gc,it was fun
39GHHAVOMGZU44RTF99FXD2K5ZG4J1,2,1,9,All,white,101,83,112,47,178,26,98,54,106,yes,955,23,male,english,gc,it was fun
39GHHAVOMGZU44RTF99FXD2K5ZG4J1,2,4,6,All,black,143,52,136,61,127,47,116,58,150,yes,1174,23,male,english,gc,it was fun
39GHHAVOMGZU44RTF99FXD2K5ZG4J1,2,2,8,Some,white,120,62,135,50,99,90,167,4,106,yes,1379,23,male,english,gc,it was fun
39GHHAVOMGZU44RTF99FXD2K5ZG4J1,2,4,6,Most,black,135,64,98,84,139,89,86,85,110,yes,965,23,male,english,gc,it was fun
39GHHAVOMGZU44RTF99FXD2K5ZG4J1,2,2,8,None,white,124,64,135,60,124,75,118,67,196,yes,921,23,male,english,gc,it was fun
39GHHAVOMGZU44RTF99FXD2K5ZG4J1,2,0,10,Some,white,110,115,71,94,93,97,111,99,107,yes,983,23,male,english,gc,it was fun
39GHHAVOMGZU44RTF99FXD2K5ZG4J1,2,10,0,All,white,126,60,176,51,213,253,123,53,132,yes,942,23,male,english,gc,it was fun
39GHHAVOMGZU44RTF99FXD2K5ZG4J1,2,8,2,None,white,886,146,122,78,49,169,165,103,118,no,956,23,male,english,gc,it was fun
39GHHAVOMGZU44RTF99FXD2K5ZG4J1,2,10,0,None,black,88,127,57,111,52,172,251,15,70,no,703,23,male,english,gc,it was fun
39GHHAVOMGZU44RTF99FXD2K5ZG4J1,2,0,10,Most,black,171,55,118,54,134,71,249,90,130,no,1040,23,male,english,gc,it was fun
39GHHAVOMGZU44RTF99FXD2K5ZG4J1,2,5,5,Some,black,157,48,187,99,73,120,49,115,87,no,1424,23,male,english,gc,it was fun
39GHHAVOMGZU44RTF99FXD2K5ZG4J1,2,10,0,Most,black,167,54,134,92,219,91,126,49,185,no,921,23,male,english,gc,it was fun
39GHHAVOMGZU44RTF99FXD2K5ZG4J1,2,4,6,All,white,702,78,90,118,54,94,118,75,160,no,1085,23,male,english,gc,it was fun
39GHHAVOMGZU44RTF99FXD2K5ZG4J1,2,10,0,None,white,201,202,9,83,66,110,90,98,62,no,917,23,male,english,gc,it was fun
39GHHAVOMGZU44RTF99FXD2K5ZG4J1,2,2,8,Some,black,119,62,98,124,172,104,58,99,115,no,977,23,male,english,gc,it was fun
39GHHAVOMGZU44RTF99FXD2K5ZG4J1,2,7,3,None,black,753,184,102,110,58,151,92,115,63,no,1114,23,male,english,gc,it was fun
39GHHAVOMGZU44RTF99FXD2K5ZG4J1,2,6,4,Some,black,586,180,211,88,60,129,57,77,160,no,902,23,male,english,gc,it was fun
39GHHAVOMGZU44RTF99FXD2K5ZG4J1,2,7,3,All,white,279,105,96,131,53,129,57,100,87,no,967,23,male,english,gc,it was fun
39GHHAVOMGZU44RTF99FXD2K5ZG4J1,2,0,10,Some,black,134,54,98,95,206,54,63,89,120,no,1152,23,male,english,gc,it was fun
39GHHAVOMGZU44RTF99FXD2K5ZG4J1,2,3,7,None,black,140,107,134,53,122,86,177,173,566,yes,929,23,male,english,gc,it was fun
39GHHAVOMGZU44RTF99FXD2K5ZG4J1,2,3,7,Most,white,503,101,97,112,72,122,103,104,108,yes,952,23,male,english,gc,it was fun
39GHHAVOMGZU44RTF99FXD2K5ZG4J1,2,1,9,All,black,19025,311,76,111,77,87,64,102,107,yes,916,23,male,english,gc,it was fun
39GHHAVOMGZU44RTF99FXD2K5ZG4J1,2,3,7,Some,black,885,138,101,178,91,119,91,70,93,yes,1087,23,male,english,gc,it was fun
39GHHAVOMGZU44RTF99FXD2K5ZG4J1,2,5,5,All,white,145,68,110,99,106,88,100,59,123,yes,1044,23,male,english,gc,it was fun
39GHHAVOMGZU44RTF99FXD2K5ZG4J1,2,9,1,None,black,114,106,213,120,68,132,73,194,19,yes,1335,23,male,english,gc,it was fun
39GHHAVOMGZU44RTF99FXD2K5ZG4J1,2,1,9,Most,white,132,107,93,86,240,112,183,147,136,yes,1003,23,male,english,gc,it was fun
39GHHAVOMGZU44RTF99FXD2K5ZG4J1,2,9,1,Most,white,77,140,80,237,233,569,199,72,101,yes,1002,23,male,english,gc,it was fun
39GHHAVOMGZU44RTF99FXD2K5ZG4J1,2,2,8,All,black,93,103,159,99,61,74,86,102,108,no,2573,23,male,english,gc,it was fun
39GHHAVOMGZU44RTF99FXD2K5ZG4J1,2,5,5,None,black,82,139,62,127,274,73,98,246,122,yes,1218,23,male,english,gc,it was fun
39GHHAVOMGZU44RTF99FXD2K5ZG4J1,2,9,1,Some,black,83,111,170,7,144,88,98,86,101,yes,1310,23,male,english,gc,it was fun
39GHHAVOMGZU44RTF99FXD2K5ZG4J1,2,6,4,Some,white,160,73,119,54,126,159,1508,148,98,yes,967,23,male,english,gc,it was fun
39GHHAVOMGZU44RTF99FXD2K5ZG4J1,2,6,4,None,white,188,111,99,98,88,87,59,125,62,yes,955,23,male,english,gc,it was fun
39GHHAVOMGZU44RTF99FXD2K5ZG4J1,2,9,1,None,white,64,122,38,124,50,152,21,76,74,yes,2211,23,male,english,gc,it was fun
3EICBYG6454XZ8488OFXGBE8XCXCJM,3,5,5,Some,black,163,178,154,168,170,173,191,197,309,yes,895,22,male,English,gc,
3EICBYG6454XZ8488OFXGBE8XCXCJM,3,3,7,All,black,166,167,166,178,166,177,188,189,195,no,992,22,male,English,gc,
3EICBYG6454XZ8488OFXGBE8XCXCJM,3,0,10,Most,black,167,168,174,157,175,177,178,173,306,yes,1911,22,male,English,gc,
3EICBYG6454XZ8488OFXGBE8XCXCJM,3,6,4,Most,white,186,175,178,191,173,180,185,245,254,yes,1471,22,male,English,gc,
3EICBYG6454XZ8488OFXGBE8XCXCJM,3,6,4,None,white,192,176,188,166,177,173,191,188,213,no,876,22,male,English,gc,
3EICBYG6454XZ8488OFXGBE8XCXCJM,3,9,1,All,white,194,181,184,180,177,181,178,165,520,no,1488,22,male,English,gc,
3EICBYG6454XZ8488OFXGBE8XCXCJM,3,6,4,Most,black,219,191,184,167,187,166,177,189,176,no,1348,22,male,English,gc,
3EICBYG6454XZ8488OFXGBE8XCXCJM,3,0,10,None,white,166,186,169,182,181,194,208,195,403,yes,791,22,male,English,gc,
3EICBYG6454XZ8488OFXGBE8XCXCJM,3,4,6,All,white,186,173,168,167,169,177,170,194,212,no,964,22,male,English,gc,
3EICBYG6454XZ8488OFXGBE8XCXCJM,3,3,7,None,black,166,168,172,171,197,157,159,190,172,no,1472,22,male,English,gc,
3EICBYG6454XZ8488OFXGBE8XCXCJM,3,0,10,Some,white,155,164,161,156,167,175,168,162,167,no,1187,22,male,English,gc,
3EICBYG6454XZ8488OFXGBE8XCXCJM,3,8,2,Most,black,151,174,156,175,158,166,177,168,155,no,917,22,male,English,gc,
3EICBYG6454XZ8488OFXGBE8XCXCJM,3,1,9,Some,black,176,157,155,167,167,156,167,177,156,yes,1021,22,male,English,gc,
3EICBYG6454XZ8488OFXGBE8XCXCJM,3,1,9,None,white,159,157,166,146,167,166,157,166,170,no,1049,22,male,English,gc,
3EICBYG6454XZ8488OFXGBE8XCXCJM,3,9,1,All,black,174,163,165,151,155,167,156,157,162,no,915,22,male,English,gc,
3EICBYG6454XZ8488OFXGBE8XCXCJM,3,5,5,None,white,158,177,140,152,137,167,165,173,409,no,805,22,male,English,gc,
3EICBYG6454XZ8488OFXGBE8XCXCJM,3,2,8,None,white,156,159,149,147,145,150,163,160,173,no,959,22,male,English,gc,
3EICBYG6454XZ8488OFXGBE8XCXCJM,3,9,1,Most,white,157,162,161,156,149,156,163,156,160,yes,1433,22,male,English,gc,
3EICBYG6454XZ8488OFXGBE8XCXCJM,3,0,10,None,black,145,142,157,160,158,158,158,157,167,no,977,22,male,English,gc,
3EICBYG6454XZ8488OFXGBE8XCXCJM,3,6,4,Some,white,170,164,148,143,170,162,156,148,151,yes,916,22,male,English,gc,
3EICBYG6454XZ8488OFXGBE8XCXCJM,3,7,3,Some,black,166,167,155,154,158,159,166,160,159,yes,1090,22,male,English,gc,
3EICBYG6454XZ8488OFXGBE8XCXCJM,3,7,3,Most,white,153,171,164,164,150,165,169,163,159,yes,1282,22,male,English,gc,
3EICBYG6454XZ8488OFXGBE8XCXCJM,3,3,7,Most,white,167,147,150,161,166,146,157,164,161,yes,1259,22,male,English,gc,
3EICBYG6454XZ8488OFXGBE8XCXCJM,3,2,8,All,white,152,157,160,166,147,152,156,181,404,no,825,22,male,English,gc,
3EICBYG6454XZ8488OFXGBE8XCXCJM,3,3,7,Some,black,156,170,134,155,135,136,288,163,173,yes,974,22,male,English,gc,
3EICBYG6454XZ8488OFXGBE8XCXCJM,3,0,10,Some,black,171,162,156,140,171,182,168,157,176,yes,1373,22,male,English,gc,
3EICBYG6454XZ8488OFXGBE8XCXCJM,3,3,7,All,white,161,148,160,155,148,146,149,153,154,no,1115,22,male,English,gc,
3EICBYG6454XZ8488OFXGBE8XCXCJM,3,5,5,Most,white,158,162,158,167,159,149,156,142,167,yes,1001,22,male,English,gc,
3EICBYG6454XZ8488OFXGBE8XCXCJM,3,5,5,All,white,157,156,153,164,154,148,182,157,149,no,894,22,male,English,gc,
3EICBYG6454XZ8488OFXGBE8XCXCJM,3,4,6,None,white,171,141,158,143,143,150,150,161,169,no,1002,22,male,English,gc,
3EICBYG6454XZ8488OFXGBE8XCXCJM,3,10,0,All,black,158,174,166,147,145,156,159,167,164,no,825,22,male,English,gc,
3EICBYG6454XZ8488OFXGBE8XCXCJM,3,6,4,Some,black,174,158,156,144,154,177,153,173,161,yes,769,22,male,English,gc,
3EICBYG6454XZ8488OFXGBE8XCXCJM,3,9,1,Some,black,151,162,155,146,152,149,158,155,165,yes,1003,22,male,English,gc,
3EICBYG6454XZ8488OFXGBE8XCXCJM,3,0,10,All,black,155,155,141,145,172,161,166,156,177,yes,1032,22,male,English,gc,
3EICBYG6454XZ8488OFXGBE8XCXCJM,3,8,2,Some,black,148,156,156,156,146,146,138,160,150,yes,994,22,male,English,gc,
3EICBYG6454XZ8488OFXGBE8XCXCJM,3,2,8,None,black,157,176,145,156,184,150,159,162,169,no,858,22,male,English,gc,
3EICBYG6454XZ8488OFXGBE8XCXCJM,3,1,9,Most,white,145,158,153,148,156,164,146,149,165,no,967,22,male,English,gc,
3EICBYG6454XZ8488OFXGBE8XCXCJM,3,2,8,Most,black,174,159,154,155,146,166,168,159,164,yes,996,22,male,English,gc,
3EICBYG6454XZ8488OFXGBE8XCXCJM,3,7,3,None,black,152,175,148,156,146,156,154,190,156,no,790,22,male,English,gc,
3EICBYG6454XZ8488OFXGBE8XCXCJM,3,1,9,None,black,127,164,159,159,142,168,165,147,177,no,1107,22,male,English,gc,
3EICBYG6454XZ8488OFXGBE8XCXCJM,3,8,2,All,white,174,136,162,146,139,163,143,153,169,no,999,22,male,English,gc,
3EICBYG6454XZ8488OFXGBE8XCXCJM,3,0,10,Most,white,162,147,164,155,150,156,300,174,174,no,1094,22,male,English,gc,
3EICBYG6454XZ8488OFXGBE8XCXCJM,3,4,6,All,black,155,157,149,153,143,149,151,171,149,no,1198,22,male,English,gc,
3EICBYG6454XZ8488OFXGBE8XCXCJM,3,8,2,Some,white,159,163,141,156,135,154,149,159,163,yes,1083,22,male,English,gc,
392CY0QWG2ZY9T7NXROFLCNKSKR4IP,4,6,4,All,black,463,216,192,191,184,192,184,185,216,yes,1331,39,male,ENGLISH,gc,
392CY0QWG2ZY9T7NXROFLCNKSKR4IP,4,5,5,Some,white,529,208,192,200,192,199,240,192,209,yes,1166,39,male,ENGLISH,gc,
392CY0QWG2ZY9T7NXROFLCNKSKR4IP,4,6,4,Some,white,450,265,207,232,208,198,208,208,258,yes,1194,39,male,ENGLISH,gc,
392CY0QWG2ZY9T7NXROFLCNKSKR4IP,4,6,4,All,white,242,184,208,191,208,185,215,193,247,no,2350,39,male,ENGLISH,gc,
392CY0QWG2ZY9T7NXROFLCNKSKR4IP,4,8,2,All,black,209,192,184,232,199,225,182,184,216,no,1425,39,male,ENGLISH,gc,
392CY0QWG2ZY9T7NXROFLCNKSKR4IP,4,3,7,Some,white,305,200,200,192,184,192,199,192,216,yes,1186,39,male,ENGLISH,gc,
392CY0QWG2ZY9T7NXROFLCNKSKR4IP,4,9,1,None,white,208,184,192,192,193,175,200,193,248,no,1115,39,male,ENGLISH,gc,
392CY0QWG2ZY9T7NXROFLCNKSKR4IP,4,1,9,Most,white,263,224,201,200,192,184,200,200,208,no,892,39,male,ENGLISH,gc,
392CY0QWG2ZY9T7NXROFLCNKSKR4IP,4,6,4,None,black,249,193,192,175,169,174,170,183,224,no,635,39,male,ENGLISH,gc,
392CY0QWG2ZY9T7NXROFLCNKSKR4IP,4,5,5,Most,white,232,176,200,176,174,193,191,200,218,no,660,39,male,ENGLISH,gc,
392CY0QWG2ZY9T7NXROFLCNKSKR4IP,4,5,5,All,white,216,192,200,192,166,176,176,192,242,no,500,39,male,ENGLISH,gc,
392CY0QWG2ZY9T7NXROFLCNKSKR4IP,4,7,3,None,white,234,208,192,184,184,175,184,183,240,no,487,39,male,ENGLISH,gc,
392CY0QWG2ZY9T7NXROFLCNKSKR4IP,4,2,8,None,black,518,176,185,192,185,199,208,200,240,no,531,39,male,ENGLISH,gc,
392CY0QWG2ZY9T7NXROFLCNKSKR4IP,4,1,9,Some,black,200,184,183,184,184,192,193,192,218,yes,2208,39,male,ENGLISH,gc,
392CY0QWG2ZY9T7NXROFLCNKSKR4IP,4,10,0,Some,black,241,184,184,176,185,175,176,167,176,no,1160,39,male,ENGLISH,gc,
392CY0QWG2ZY9T7NXROFLCNKSKR4IP,4,2,8,Some,white,184,160,168,176,168,192,175,192,184,yes,1087,39,male,ENGLISH,gc,
392CY0QWG2ZY9T7NXROFLCNKSKR4IP,4,7,3,Most,white,336,183,192,175,176,176,185,176,233,yes,1211,39,male,ENGLISH,gc,
392CY0QWG2ZY9T7NXROFLCNKSKR4IP,4,2,8,Most,white,216,185,175,183,152,176,168,178,200,no,1060,39,male,ENGLISH,gc,
392CY0QWG2ZY9T7NXROFLCNKSKR4IP,4,7,3,Most,black,185,159,169,176,176,158,168,168,176,no,589,39,male,ENGLISH,gc,
392CY0QWG2ZY9T7NXROFLCNKSKR4IP,4,0,10,All,white,192,152,161,168,160,160,152,175,169,no,536,39,male,ENGLISH,gc,
392CY0QWG2ZY9T7NXROFLCNKSKR4IP,4,10,0,Most,black,200,175,176,176,177,176,192,177,183,no,604,39,male,ENGLISH,gc,
392CY0QWG2ZY9T7NXROFLCNKSKR4IP,4,7,3,None,black,169,160,160,168,160,176,183,264,128,no,577,39,male,ENGLISH,gc,
392CY0QWG2ZY9T7NXROFLCNKSKR4IP,4,5,5,None,black,183,192,168,167,161,153,192,184,224,no,358,39,male,ENGLISH,gc,
392CY0QWG2ZY9T7NXROFLCNKSKR4IP,4,8,2,Most,white,201,160,168,168,176,176,184,176,238,yes,946,39,male,ENGLISH,gc,
392CY0QWG2ZY9T7NXROFLCNKSKR4IP,4,1,9,None,white,168,168,176,167,169,176,166,176,184,no,1206,39,male,ENGLISH,gc,
392CY0QWG2ZY9T7NXROFLCNKSKR4IP,4,1,9,All,black,168,176,160,160,176,167,169,168,166,no,633,39,male,ENGLISH,gc,
392CY0QWG2ZY9T7NXROFLCNKSKR4IP,4,0,10,All,black,185,160,166,168,160,168,177,185,208,yes,1047,39,male,ENGLISH,gc,
392CY0QWG2ZY9T7NXROFLCNKSKR4IP,4,3,7,All,black,408,185,167,176,160,176,177,168,177,no,1109,39,male,ENGLISH,gc,
392CY0QWG2ZY9T7NXROFLCNKSKR4IP,4,1,9,All,white,280,184,177,168,168,168,176,184,176,no,587,39,male,ENGLISH,gc,
392CY0QWG2ZY9T7NXROFLCNKSKR4IP,4,10,0,None,white,232,184,168,177,192,175,185,200,176,no,648,39,male,ENGLISH,gc,
392CY0QWG2ZY9T7NXROFLCNKSKR4IP,4,4,6,Most,black,240,176,176,168,184,191,184,175,249,yes,1819,39,male,ENGLISH,gc,
392CY0QWG2ZY9T7NXROFLCNKSKR4IP,4,8,2,Some,white,176,176,168,186,176,176,193,191,176,yes,1250,39,male,ENGLISH,gc,
392CY0QWG2ZY9T7NXROFLCNKSKR4IP,4,0,10,Some,black,178,177,167,174,160,176,184,170,232,no,973,39,male,ENGLISH,gc,
392CY0QWG2ZY9T7NXROFLCNKSKR4IP,4,6,4,Some,black,182,169,177,168,183,169,174,168,208,yes,2591,39,male,ENGLISH,gc,
392CY0QWG2ZY9T7NXROFLCNKSKR4IP,4,4,6,None,black,177,176,176,168,169,175,184,191,224,no,1073,39,male,ENGLISH,gc,
392CY0QWG2ZY9T7NXROFLCNKSKR4IP,4,4,6,Most,white,216,185,168,160,184,176,208,183,216,no,1528,39,male,ENGLISH,gc,
392CY0QWG2ZY9T7NXROFLCNKSKR4IP,4,8,2,All,white,192,176,176,177,176,160,176,168,168,no,663,39,male,ENGLISH,gc,
392CY0QWG2ZY9T7NXROFLCNKSKR4IP,4,10,0,None,black,183,167,168,185,185,200,191,193,184,yes,1175,39,male,ENGLISH,gc,
392CY0QWG2ZY9T7NXROFLCNKSKR4IP,4,8,2,None,black,192,168,169,159,162,160,160,168,136,no,1266,39,male,ENGLISH,gc,
392CY0QWG2ZY9T7NXROFLCNKSKR4IP,4,9,1,Some,black,174,170,168,168,174,176,192,200,210,yes,2985,39,male,ENGLISH,gc,
392CY0QWG2ZY9T7NXROFLCNKSKR4IP,4,3,7,Some,black,168,160,167,168,176,168,168,185,216,yes,548,39,male,ENGLISH,gc,
392CY0QWG2ZY9T7NXROFLCNKSKR4IP,4,0,10,Most,black,176,168,168,175,170,167,168,183,224,no,1139,39,male,ENGLISH,gc,
392CY0QWG2ZY9T7NXROFLCNKSKR4IP,4,3,7,All,white,153,184,168,168,176,152,176,159,200,no,549,39,male,ENGLISH,gc,
392CY0QWG2ZY9T7NXROFLCNKSKR4IP,4,9,1,Most,white,176,160,175,184,168,176,193,176,184,yes,986,39,male,ENGLISH,gc,
38F5OAUN5OKVWLEMT741OC6FJ92H7T,5,10,0,None,white,809,512,241,269,296,253,388,409,563,no,1238,55,male,English,gc,"after answering every question, an 'X' appeared on the screen, giving the impression that my response was wrong"
38F5OAUN5OKVWLEMT741OC6FJ92H7T,5,1,9,Most,black,1260,487,475,323,372,443,394,364,582,yes,1425,55,male,English,gc,"after answering every question, an 'X' appeared on the screen, giving the impression that my response was wrong"
38F5OAUN5OKVWLEMT741OC6FJ92H7T,5,3,7,All,black,519,443,259,247,298,246,275,335,502,no,1130,55,male,English,gc,"after answering every question, an 'X' appeared on the screen, giving the impression that my response was wrong"
38F5OAUN5OKVWLEMT741OC6FJ92H7T,5,9,1,All,white,552,320,221,257,253,262,276,299,481,no,1986,55,male,English,gc,"after answering every question, an 'X' appeared on the screen, giving the impression that my response was wrong"
38F5OAUN5OKVWLEMT741OC6FJ92H7T,5,5,5,All,white,499,332,221,226,237,238,243,518,501,no,1309,55,male,English,gc,"after answering every question, an 'X' appeared on the screen, giving the impression that my response was wrong"
38F5OAUN5OKVWLEMT741OC6FJ92H7T,5,10,0,Most,white,512,310,263,240,269,249,305,299,727,no,12633,55,male,English,gc,"after answering every question, an 'X' appeared on the screen, giving the impression that my response was wrong"
38F5OAUN5OKVWLEMT741OC6FJ92H7T,5,2,8,Some,white,686,442,268,222,269,271,319,487,485,yes,1437,55,male,English,gc,"after answering every question, an 'X' appeared on the screen, giving the impression that my response was wrong"
38F5OAUN5OKVWLEMT741OC6FJ92H7T,5,10,0,None,black,596,356,244,237,246,247,279,363,496,yes,1881,55,male,English,gc,"after answering every question, an 'X' appeared on the screen, giving the impression that my response was wrong"
38F5OAUN5OKVWLEMT741OC6FJ92H7T,5,1,9,Most,white,712,399,217,262,225,263,300,268,464,no,1218,55,male,English,gc,"after answering every question, an 'X' appeared on the screen, giving the impression that my response was wrong"
38F5OAUN5OKVWLEMT741OC6FJ92H7T,5,1,9,Some,black,934,456,240,275,277,247,527,530,607,yes,1318,55,male,English,gc,"after answering every question, an 'X' appeared on the screen, giving the impression that my response was wrong"
38F5OAUN5OKVWLEMT741OC6FJ92H7T,5,7,3,None,black,781,437,306,229,341,306,274,290,276,no,1472,55,male,English,gc,"after answering every question, an 'X' appeared on the screen, giving the impression that my response was wrong"
38F5OAUN5OKVWLEMT741OC6FJ92H7T,5,4,6,All,white,674,426,236,251,242,267,299,284,513,no,1322,55,male,English,gc,"after answering every question, an 'X' appeared on the screen, giving the impression that my response was wrong"
38F5OAUN5OKVWLEMT741OC6FJ92H7T,5,7,3,None,white,536,312,264,245,253,271,254,298,521,no,1382,55,male,English,gc,"after answering every question, an 'X' appeared on the screen, giving the impression that my response was wrong"
38F5OAUN5OKVWLEMT741OC6FJ92H7T,5,1,9,Some,white,539,523,274,241,359,319,518,556,785,yes,4930,55,male,English,gc,"after answering every question, an 'X' appeared on the screen, giving the impression that my response was wrong"
38F5OAUN5OKVWLEMT741OC6FJ92H7T,5,10,0,All,black,495,288,249,248,254,264,450,354,519,no,2033,55,male,English,gc,"after answering every question, an 'X' appeared on the screen, giving the impression that my response was wrong"
38F5OAUN5OKVWLEMT741OC6FJ92H7T,5,9,1,All,black,837,500,321,274,251,275,269,304,565,no,918,55,male,English,gc,"after answering every question, an 'X' appeared on the screen, giving the impression that my response was wrong"
38F5OAUN5OKVWLEMT741OC6FJ92H7T,5,7,3,Some,black,654,455,266,253,470,319,455,375,469,yes,1350,55,male,English,gc,"after answering every question, an 'X' appeared on the screen, giving the impression that my response was wrong"
38F5OAUN5OKVWLEMT741OC6FJ92H7T,5,7,3,Most,black,560,408,296,252,349,466,490,361,525,no,1513,55,male,English,gc,"after answering every question, an 'X' appeared on the screen, giving the impression that my response was wrong"
38F5OAUN5OKVWLEMT741OC6FJ92H7T,5,7,3,Most,white,596,464,265,267,283,523,457,429,519,yes,1662,55,male,English,gc,"after answering every question, an 'X' appeared on the screen, giving the impression that my response was wrong"
38F5OAUN5OKVWLEMT741OC6FJ92H7T,5,8,2,None,white,569,450,262,264,368,284,300,258,450,no,1271,55,male,English,gc,"after answering every question, an 'X' appeared on the screen, giving the impression that my response was wrong"
38F5OAUN5OKVWLEMT741OC6FJ92H7T,5,9,1,None,black,602,475,249,253,241,489,444,424,408,no,1864,55,male,English,gc,"after answering every question, an 'X' appeared on the screen, giving the impression that my response was wrong"
38F5OAUN5OKVWLEMT741OC6FJ92H7T,5,5,5,None,white,699,453,335,222,275,278,471,366,396,no,1349,55,male,English,gc,"after answering every question, an 'X' appeared on the screen, giving the impression that my response was wrong"
38F5OAUN5OKVWLEMT741OC6FJ92H7T,5,5,5,Most,white,779,405,223,252,275,349,370,347,555,no,1431,55,male,English,gc,"after answering every question, an 'X' appeared on the screen, giving the impression that my response was wrong"
38F5OAUN5OKVWLEMT741OC6FJ92H7T,5,2,8,All,black,615,332,237,241,289,282,267,324,287,no,1564,55,male,English,gc,"after answering every question, an 'X' appeared on the screen, giving the impression that my response was wrong"
38F5OAUN5OKVWLEMT741OC6FJ92H7T,5,10,0,All,white,550,300,212,264,295,393,460,240,274,yes,1661,55,male,English,gc,"after answering every question, an 'X' appeared on the screen, giving the impression that my response was wrong"
38F5OAUN5OKVWLEMT741OC6FJ92H7T,5,10,0,Most,black,563,462,253,258,311,363,332,334,534,no,1272,55,male,English,gc,"after answering every question, an 'X' appeared on the screen, giving the impression that my response was wrong"
38F5OAUN5OKVWLEMT741OC6FJ92H7T,5,8,2,None,black,604,455,264,237,259,211,265,241,260,no,1537,55,male,English,gc,"after answering every question, an 'X' appeared on the screen, giving the impression that my response was wrong"
38F5OAUN5OKVWLEMT741OC6FJ92H7T,5,3,7,All,white,588,356,248,248,264,287,265,245,440,no,973,55,male,English,gc,"after answering every question, an 'X' appeared on the screen, giving the impression that my response was wrong"
38F5OAUN5OKVWLEMT741OC6FJ92H7T,5,6,4,All,white,616,459,242,253,300,284,263,223,548,no,1094,55,male,English,gc,"after answering every question, an 'X' appeared on the screen, giving the impression that my response was wrong"
38F5OAUN5OKVWLEMT741OC6FJ92H7T,5,1,9,None,black,619,376,271,215,210,265,414,287,565,no,1275,55,male,English,gc,"after answering every question, an 'X' appeared on the screen, giving the impression that my response was wrong"
38F5OAUN5OKVWLEMT741OC6FJ92H7T,5,5,5,Some,black,626,368,215,228,240,252,249,221,477,yes,1273,55,male,English,gc,"after answering every question, an 'X' appeared on the screen, giving the impression that my response was wrong"
38F5OAUN5OKVWLEMT741OC6FJ92H7T,5,8,2,All,black,545,356,254,247,238,226,238,254,426,no,1211,55,male,English,gc,"after answering every question, an 'X' appeared on the screen, giving the impression that my response was wrong"
38F5OAUN5OKVWLEMT741OC6FJ92H7T,5,6,4,None,black,600,396,222,253,213,228,246,245,533,no,1161,55,male,English,gc,"after answering every question, an 'X' appeared on the screen, giving the impression that my response was wrong"
38F5OAUN5OKVWLEMT741OC6FJ92H7T,5,8,2,Most,white,563,330,236,238,252,266,224,276,265,yes,1340,55,male,English,gc,"after answering every question, an 'X' appeared on the screen, giving the impression that my response was wrong"
38F5OAUN5OKVWLEMT741OC6FJ92H7T,5,8,2,Some,white,576,424,284,223,237,240,239,246,522,yes,1318,55,male,English,gc,"after answering every question, an 'X' appeared on the screen, giving the impression that my response was wrong"
38F5OAUN5OKVWLEMT741OC6FJ92H7T,5,4,6,Most,black,583,320,265,377,303,442,317,217,546,yes,1128,55,male,English,gc,"after answering every question, an 'X' appeared on the screen, giving the impression that my response was wrong"
38F5OAUN5OKVWLEMT741OC6FJ92H7T,5,6,4,Some,black,599,445,267,260,254,244,326,257,421,yes,1424,55,male,English,gc,"after answering every question, an 'X' appeared on the screen, giving the impression that my response was wrong"
38F5OAUN5OKVWLEMT741OC6FJ92H7T,5,3,7,Some,black,589,442,254,219,216,248,355,341,588,yes,1322,55,male,English,gc,"after answering every question, an 'X' appeared on the screen, giving the impression that my response was wrong"
38F5OAUN5OKVWLEMT741OC6FJ92H7T,5,4,6,Most,white,630,411,254,246,278,468,410,356,502,no,1015,55,male,English,gc,"after answering every question, an 'X' appeared on the screen, giving the impression that my response was wrong"
38F5OAUN5OKVWLEMT741OC6FJ92H7T,5,10,0,Some,white,672,279,236,222,220,234,240,254,478,yes,9439,55,male,English,gc,"after answering every question, an 'X' appeared on the screen, giving the impression that my response was wrong"
38F5OAUN5OKVWLEMT741OC6FJ92H7T,5,2,8,Most,white,625,379,228,248,265,254,324,434,482,no,921,55,male,English,gc,"after answering every question, an 'X' appeared on the screen, giving the impression that my response was wrong"
38F5OAUN5OKVWLEMT741OC6FJ92H7T,5,6,4,None,white,600,381,224,300,238,246,242,288,434,no,1257,55,male,English,gc,"after answering every question, an 'X' appeared on the screen, giving the impression that my response was wrong"
38F5OAUN5OKVWLEMT741OC6FJ92H7T,5,10,0,Some,black,565,401,232,244,208,243,205,372,498,no,1100,55,male,English,gc,"after answering every question, an 'X' appeared on the screen, giving the impression that my response was wrong"
38F5OAUN5OKVWLEMT741OC6FJ92H7T,5,4,6,Some,black,563,436,225,210,229,215,304,360,529,yes,1173,55,male,English,gc,"after answering every question, an 'X' appeared on the screen, giving the impression that my response was wrong"
3WJ1OXY92BOKMCBRX6MFLQF6HYIA8Y,6,3,7,None,black,411,171,187,187,177,269,266,411,402,no,2678,32,male,English,gc,
3WJ1OXY92BOKMCBRX6MFLQF6HYIA8Y,6,2,8,All,black,182,163,126,144,196,166,169,294,527,no,1643,32,male,English,gc,
3WJ1OXY92BOKMCBRX6MFLQF6HYIA8Y,6,6,4,All,black,152,126,153,133,132,153,195,253,450,no,965,32,male,English,gc,
3WJ1OXY92BOKMCBRX6MFLQF6HYIA8Y,6,10,0,Most,white,187,120,149,168,156,117,188,302,437,yes,3469,32,male,English,gc,
3WJ1OXY92BOKMCBRX6MFLQF6HYIA8Y,6,0,10,Some,black,120,144,176,112,177,149,149,351,696,no,1408,32,male,English,gc,
3WJ1OXY92BOKMCBRX6MFLQF6HYIA8Y,6,10,0,All,white,419,149,158,127,120,347,278,325,582,yes,856,32,male,English,gc,
3WJ1OXY92BOKMCBRX6MFLQF6HYIA8Y,6,1,9,All,white,164,121,148,137,199,200,308,465,258,no,1023,32,male,English,gc,
3WJ1OXY92BOKMCBRX6MFLQF6HYIA8Y,6,2,8,Most,white,191,141,206,150,174,154,219,331,474,no,1025,32,male,English,gc,
3WJ1OXY92BOKMCBRX6MFLQF6HYIA8Y,6,9,1,Some,white,283,156,144,177,156,157,281,442,523,no,1865,32,male,English,gc,
3WJ1OXY92BOKMCBRX6MFLQF6HYIA8Y,6,2,8,None,black,512,172,118,147,145,145,216,284,433,no,922,32,male,English,gc,
3WJ1OXY92BOKMCBRX6MFLQF6HYIA8Y,6,2,8,All,white,264,141,121,180,157,153,249,274,504,no,981,32,male,English,gc,
3WJ1OXY92BOKMCBRX6MFLQF6HYIA8Y,6,5,5,Most,white,168,180,161,182,224,197,309,537,594,yes,1172,32,male,English,gc,
3WJ1OXY92BOKMCBRX6MFLQF6HYIA8Y,6,0,10,Some,white,134,196,174,169,176,171,173,281,455,no,851,32,male,English,gc,
3WJ1OXY92BOKMCBRX6MFLQF6HYIA8Y,6,5,5,None,white,140,189,172,180,348,198,270,457,570,no,1660,32,male,English,gc,
3WJ1OXY92BOKMCBRX6MFLQF6HYIA8Y,6,1,9,All,black,272,166,167,181,151,169,171,184,262,no,983,32,male,English,gc,
3WJ1OXY92BOKMCBRX6MFLQF6HYIA8Y,6,10,0,None,white,590,145,190,165,160,151,196,262,387,no,1125,32,male,English,gc,
3WJ1OXY92BOKMCBRX6MFLQF6HYIA8Y,6,2,8,None,white,177,174,180,177,176,156,156,231,508,no,1162,32,male,English,gc,
3WJ1OXY92BOKMCBRX6MFLQF6HYIA8Y,6,6,4,Some,black,175,169,172,180,166,164,165,211,446,yes,906,32,male,English,gc,
3WJ1OXY92BOKMCBRX6MFLQF6HYIA8Y,6,5,5,Some,black,153,149,172,159,165,148,168,232,283,yes,1192,32,male,English,gc,
3WJ1OXY92BOKMCBRX6MFLQF6HYIA8Y,6,7,3,Most,white,594,193,152,266,235,171,218,459,601,no,1019,32,male,English,gc,
3WJ1OXY92BOKMCBRX6MFLQF6HYIA8Y,6,6,4,None,black,181,180,199,172,173,181,182,433,419,no,1924,32,male,English,gc,
3WJ1OXY92BOKMCBRX6MFLQF6HYIA8Y,6,5,5,All,white,435,191,184,176,176,168,144,210,212,no,808,32,male,English,gc,
3WJ1OXY92BOKMCBRX6MFLQF6HYIA8Y,6,2,8,Some,black,403,179,169,180,179,173,187,219,274,no,1622,32,male,English,gc,
3WJ1OXY92BOKMCBRX6MFLQF6HYIA8Y,6,6,4,None,white,180,187,163,180,189,176,168,182,452,no,1149,32,male,English,gc,
3WJ1OXY92BOKMCBRX6MFLQF6HYIA8Y,6,9,1,Most,black,250,169,182,176,167,183,168,161,179,no,1110,32,male,English,gc,
3WJ1OXY92BOKMCBRX6MFLQF6HYIA8Y,6,3,7,Most,white,149,171,189,183,167,172,173,168,183,no,1002,32,male,English,gc,
3WJ1OXY92BOKMCBRX6MFLQF6HYIA8Y,6,10,0,None,black,332,183,173,183,133,198,174,174,196,yes,655,32,male,English,gc,
3WJ1OXY92BOKMCBRX6MFLQF6HYIA8Y,6,4,6,Most,black,213,175,163,171,188,175,204,166,233,yes,1315,32,male,English,gc,
3WJ1OXY92BOKMCBRX6MFLQF6HYIA8Y,6,4,6,All,black,198,179,172,175,171,204,172,501,664,no,1284,32,male,English,gc,
3WJ1OXY92BOKMCBRX6MFLQF6HYIA8Y,6,10,0,Most,black,368,177,161,178,225,181,151,263,262,no,3180,32,male,English,gc,
3WJ1OXY92BOKMCBRX6MFLQF6HYIA8Y,6,9,1,Most,white,238,222,164,180,176,234,243,375,617,yes,6378,32,male,English,gc,
3WJ1OXY92BOKMCBRX6MFLQF6HYIA8Y,6,7,3,All,white,187,171,209,166,168,188,176,288,406,no,760,32,male,English,gc,
3WJ1OXY92BOKMCBRX6MFLQF6HYIA8Y,6,10,0,All,black,500,159,180,161,144,167,192,216,293,no,507,32,male,English,gc,
3WJ1OXY92BOKMCBRX6MFLQF6HYIA8Y,6,4,6,Some,black,380,182,169,171,176,141,226,313,445,yes,848,32,male,English,gc,
3WJ1OXY92BOKMCBRX6MFLQF6HYIA8Y,6,3,7,All,white,191,161,207,152,164,163,182,201,285,no,676,32,male,English,gc,
3WJ1OXY92BOKMCBRX6MFLQF6HYIA8Y,6,1,9,Some,white,296,184,200,156,243,207,210,536,520,no,1208,32,male,English,gc,
3WJ1OXY92BOKMCBRX6MFLQF6HYIA8Y,6,3,7,Some,white,317,217,189,168,191,164,175,196,519,yes,976,32,male,English,gc,
3WJ1OXY92BOKMCBRX6MFLQF6HYIA8Y,6,8,2,Most,white,241,199,183,158,174,166,190,329,411,yes,1118,32,male,English,gc,
3WJ1OXY92BOKMCBRX6MFLQF6HYIA8Y,6,1,9,None,black,376,163,203,188,195,180,203,200,273,yes,778,32,male,English,gc,
3WJ1OXY92BOKMCBRX6MFLQF6HYIA8Y,6,3,7,None,white,219,163,171,160,191,173,156,172,290,no,837,32,male,English,gc,
3WJ1OXY92BOKMCBRX6MFLQF6HYIA8Y,6,9,1,None,black,628,357,171,180,160,180,178,375,595,no,660,32,male,English,gc,
3WJ1OXY92BOKMCBRX6MFLQF6HYIA8Y,6,6,4,Most,black,493,184,156,179,188,179,188,442,544,no,1322,32,male,English,gc,
3WJ1OXY92BOKMCBRX6MFLQF6HYIA8Y,6,3,7,Some,black,321,168,176,162,185,282,246,441,287,no,1396,32,male,English,gc,
3WJ1OXY92BOKMCBRX6MFLQF6HYIA8Y,6,8,2,Some,black,470,198,137,164,188,203,463,320,476,yes,1240,32,male,English,gc,
3HL8HNGX469FW8B9DEELZNL8YKDF95,7,9,1,All,black,385,279,273,247,280,321,327,288,360,no,991,24,male,English,gc,
3HL8HNGX469FW8B9DEELZNL8YKDF95,7,10,0,Most,white,280,232,272,224,224,272,392,352,357,no,2035,24,male,English,gc,
3HL8HNGX469FW8B9DEELZNL8YKDF95,7,6,4,Some,white,351,289,240,271,305,263,249,287,272,yes,782,24,male,English,gc,
3HL8HNGX469FW8B9DEELZNL8YKDF95,7,4,6,All,white,321,271,224,232,217,208,223,232,480,no,480,24,male,English,gc,
3HL8HNGX469FW8B9DEELZNL8YKDF95,7,7,3,All,white,288,215,207,202,200,176,183,193,200,no,460,24,male,English,gc,
3HL8HNGX469FW8B9DEELZNL8YKDF95,7,9,1,Most,white,279,216,232,200,193,207,209,199,160,yes,536,24,male,English,gc,
3HL8HNGX469FW8B9DEELZNL8YKDF95,7,5,5,Most,black,216,201,207,200,200,176,184,184,528,no,1525,24,male,English,gc,
3HL8HNGX469FW8B9DEELZNL8YKDF95,7,7,3,Most,black,241,215,200,218,198,199,185,168,200,no,432,24,male,English,gc,
3HL8HNGX469FW8B9DEELZNL8YKDF95,7,9,1,All,white,288,216,216,176,201,200,168,167,192,no,415,24,male,English,gc,
3HL8HNGX469FW8B9DEELZNL8YKDF95,7,1,9,Some,white,232,225,223,231,217,224,209,215,217,no,1117,24,male,English,gc,
3HL8HNGX469FW8B9DEELZNL8YKDF95,7,5,5,All,white,272,216,184,192,169,167,168,144,120,no,444,24,male,English,gc,
3HL8HNGX469FW8B9DEELZNL8YKDF95,7,5,5,None,white,169,464,171,141,135,146,128,159,304,no,811,24,male,English,gc,
3HL8HNGX469FW8B9DEELZNL8YKDF95,7,8,2,Most,white,192,168,160,145,143,144,144,144,144,yes,646,24,male,English,gc,
3HL8HNGX469FW8B9DEELZNL8YKDF95,7,8,2,None,black,160,160,169,119,144,144,128,152,287,no,526,24,male,English,gc,
3HL8HNGX469FW8B9DEELZNL8YKDF95,7,7,3,None,black,191,167,184,192,200,232,144,208,178,no,451,24,male,English,gc,
3HL8HNGX469FW8B9DEELZNL8YKDF95,7,3,7,Some,black,192,169,200,159,209,207,176,183,177,yes,1081,24,male,English,gc,
3HL8HNGX469FW8B9DEELZNL8YKDF95,7,0,10,Most,white,216,216,208,208,160,200,175,192,145,no,641,24,male,English,gc,
3HL8HNGX469FW8B9DEELZNL8YKDF95,7,10,0,Some,black,192,217,191,192,186,198,209,167,208,yes,627,24,male,English,gc,
3HL8HNGX469FW8B9DEELZNL8YKDF95,7,9,1,None,black,192,201,158,185,176,183,169,152,151,no,673,24,male,English,gc,
3HL8HNGX469FW8B9DEELZNL8YKDF95,7,4,6,None,white,400,225,240,216,192,200,200,168,216,no,598,24,male,English,gc,
3HL8HNGX469FW8B9DEELZNL8YKDF95,7,10,0,None,black,240,225,231,216,193,199,200,169,151,no,799,24,male,English,gc,
3HL8HNGX469FW8B9DEELZNL8YKDF95,7,1,9,None,black,216,192,192,168,152,160,168,120,128,no,418,24,male,English,gc,
3HL8HNGX469FW8B9DEELZNL8YKDF95,7,6,4,Some,black,263,216,201,201,175,199,176,184,160,yes,583,24,male,English,gc,
3HL8HNGX469FW8B9DEELZNL8YKDF95,7,2,8,None,black,175,209,191,160,177,167,177,144,152,no,353,24,male,English,gc,
3HL8HNGX469FW8B9DEELZNL8YKDF95,7,8,2,Some,black,216,225,182,209,193,191,160,168,145,yes,516,24,male,English,gc,
3HL8HNGX469FW8B9DEELZNL8YKDF95,7,6,4,None,white,233,159,200,186,175,168,151,144,137,no,946,24,male,English,gc,
3HL8HNGX469FW8B9DEELZNL8YKDF95,7,8,2,All,black,216,176,184,177,183,160,152,152,144,no,642,24,male,English,gc,
3HL8HNGX469FW8B9DEELZNL8YKDF95,7,10,0,All,black,217,184,177,168,176,152,168,168,143,no,1379,24,male,English,gc,
3HL8HNGX469FW8B9DEELZNL8YKDF95,7,7,3,All,black,257,192,191,208,160,176,184,160,144,no,602,24,male,English,gc,
3HL8HNGX469FW8B9DEELZNL8YKDF95,7,0,10,All,black,208,176,160,152,160,144,144,121,135,yes,479,24,male,English,gc,
3HL8HNGX469FW8B9DEELZNL8YKDF95,7,0,10,None,black,200,184,168,152,136,144,144,136,135,no,559,24,male,English,gc,
3HL8HNGX469FW8B9DEELZNL8YKDF95,7,6,4,Most,black,232,167,169,191,192,185,192,160,144,no,389,24,male,English,gc,
3HL8HNGX469FW8B9DEELZNL8YKDF95,7,8,2,All,white,234,190,152,152,161,135,137,143,144,no,410,24,male,English,gc,
3HL8HNGX469FW8B9DEELZNL8YKDF95,7,5,5,Some,white,168,168,151,176,168,144,160,152,144,yes,506,24,male,English,gc,
3HL8HNGX469FW8B9DEELZNL8YKDF95,7,7,3,Most,white,208,193,176,199,177,192,168,143,144,yes,809,24,male,English,gc,
3HL8HNGX469FW8B9DEELZNL8YKDF95,7,4,6,All,black,296,192,160,153,167,168,145,143,120,no,934,24,male,English,gc,
3HL8HNGX469FW8B9DEELZNL8YKDF95,7,0,10,Some,black,240,192,184,168,152,160,144,128,144,no,1746,24,male,English,gc,
3HL8HNGX469FW8B9DEELZNL8YKDF95,7,6,4,Most,white,273,224,192,199,193,255,168,168,193,yes,1404,24,male,English,gc,
3HL8HNGX469FW8B9DEELZNL8YKDF95,7,7,3,None,white,192,168,160,120,128,145,143,144,136,no,332,24,male,English,gc,
3HL8HNGX469FW8B9DEELZNL8YKDF95,7,9,1,Most,black,184,144,104,136,137,127,144,120,128,no,408,24,male,English,gc,
3HL8HNGX469FW8B9DEELZNL8YKDF95,7,9,1,Some,white,201,144,176,103,153,136,143,137,145,no,560,24,male,English,gc,
3HL8HNGX469FW8B9DEELZNL8YKDF95,7,3,7,Some,white,176,171,141,120,144,144,144,138,142,yes,573,24,male,English,gc,
3HL8HNGX469FW8B9DEELZNL8YKDF95,7,8,2,Some,white,175,184,144,121,143,144,145,127,153,yes,641,24,male,English,gc,
3HL8HNGX469FW8B9DEELZNL8YKDF95,7,2,8,Most,white,152,160,144,144,136,144,136,119,137,no,634,24,male,English,gc,
3C5W7UE9CGYB3ELO2HOCAGRZ2OGMX2,8,5,5,Some,black,189,182,183,164,157,163,141,134,143,yes,1672,24,female,english,gc,
3C5W7UE9CGYB3ELO2HOCAGRZ2OGMX2,8,10,0,Most,white,216,214,180,188,193,175,179,158,152,yes,1869,24,female,english,gc,
3C5W7UE9CGYB3ELO2HOCAGRZ2OGMX2,8,10,0,All,black,157,145,125,152,143,152,164,155,168,no,918,24,female,english,gc,
3C5W7UE9CGYB3ELO2HOCAGRZ2OGMX2,8,8,2,Most,black,155,156,162,147,128,173,139,143,147,no,853,24,female,english,gc,
3C5W7UE9CGYB3ELO2HOCAGRZ2OGMX2,8,4,6,None,black,194,205,194,162,201,188,155,171,165,no,1194,24,female,english,gc,
3C5W7UE9CGYB3ELO2HOCAGRZ2OGMX2,8,1,9,Some,black,210,178,173,171,179,188,186,169,172,yes,1486,24,female,english,gc,
3C5W7UE9CGYB3ELO2HOCAGRZ2OGMX2,8,5,5,Most,black,197,186,191,184,183,186,155,177,144,no,630,24,female,english,gc,
3C5W7UE9CGYB3ELO2HOCAGRZ2OGMX2,8,1,9,None,black,181,171,194,206,122,201,170,181,180,no,1099,24,female,english,gc,
3C5W7UE9CGYB3ELO2HOCAGRZ2OGMX2,8,3,7,All,black,182,180,190,184,147,188,164,186,185,no,723,24,female,english,gc,
3C5W7UE9CGYB3ELO2HOCAGRZ2OGMX2,8,1,9,None,white,183,181,180,185,161,181,153,164,164,no,678,24,female,english,gc,
3C5W7UE9CGYB3ELO2HOCAGRZ2OGMX2,8,2,8,All,black,203,185,190,187,174,179,171,157,178,no,568,24,female,english,gc,
3C5W7UE9CGYB3ELO2HOCAGRZ2OGMX2,8,3,7,None,black,213,206,201,188,172,193,161,195,176,no,806,24,female,english,gc,
3C5W7UE9CGYB3ELO2HOCAGRZ2OGMX2,8,9,1,All,white,189,177,165,210,302,195,216,336,184,no,817,24,female,english,gc,
3C5W7UE9CGYB3ELO2HOCAGRZ2OGMX2,8,4,6,Some,white,189,179,186,180,184,167,196,178,160,yes,1245,24,female,english,gc,
3C5W7UE9CGYB3ELO2HOCAGRZ2OGMX2,8,0,10,Most,white,168,199,197,194,195,188,173,175,192,yes,726,24,female,english,gc,
3C5W7UE9CGYB3ELO2HOCAGRZ2OGMX2,8,10,0,None,white,180,178,194,177,175,189,158,191,180,yes,969,24,female,english,gc,
3C5W7UE9CGYB3ELO2HOCAGRZ2OGMX2,8,10,0,All,white,194,202,205,174,196,177,191,180,165,yes,1030,24,female,english,gc,
3C5W7UE9CGYB3ELO2HOCAGRZ2OGMX2,8,10,0,Some,black,340,187,178,201,163,195,172,170,506,yes,686,24,female,english,gc,
3C5W7UE9CGYB3ELO2HOCAGRZ2OGMX2,8,9,1,Most,black,192,201,207,201,184,196,234,216,186,no,1562,24,female,english,gc,
3C5W7UE9CGYB3ELO2HOCAGRZ2OGMX2,8,3,7,None,white,180,190,197,144,160,180,188,164,190,no,703,24,female,english,gc,
3C5W7UE9CGYB3ELO2HOCAGRZ2OGMX2,8,0,10,None,white,188,206,186,185,175,201,152,188,162,yes,1066,24,female,english,gc,
3C5W7UE9CGYB3ELO2HOCAGRZ2OGMX2,8,10,0,Some,white,189,183,185,191,164,195,185,177,208,yes,1167,24,female,english,gc,
3C5W7UE9CGYB3ELO2HOCAGRZ2OGMX2,8,8,2,All,black,285,150,131,138,130,141,141,139,121,no,1277,24,female,english,gc,
3C5W7UE9CGYB3ELO2HOCAGRZ2OGMX2,8,1,9,Some,white,147,141,142,134,146,149,142,128,153,yes,1295,24,female,english,gc,
3C5W7UE9CGYB3ELO2HOCAGRZ2OGMX2,8,7,3,Some,white,175,145,157,148,148,181,103,141,148,yes,1441,24,female,english,gc,
3C5W7UE9CGYB3ELO2HOCAGRZ2OGMX2,8,7,3,Most,black,148,135,141,150,139,138,143,141,139,no,1320,24,female,english,gc,
3C5W7UE9CGYB3ELO2HOCAGRZ2OGMX2,8,5,5,All,white,155,150,153,135,145,136,140,148,130,no,1266,24,female,english,gc,
3C5W7UE9CGYB3ELO2HOCAGRZ2OGMX2,8,6,4,Most,white,156,151,149,136,138,141,140,142,146,yes,11821,24,female,english,gc,
3C5W7UE9CGYB3ELO2HOCAGRZ2OGMX2,8,3,7,All,white,778,161,163,183,169,159,158,169,171,no,1730,24,female,english,gc,
3C5W7UE9CGYB3ELO2HOCAGRZ2OGMX2,8,3,7,Some,white,189,182,188,258,142,255,144,188,191,yes,1086,24,female,english,gc,
3C5W7UE9CGYB3ELO2HOCAGRZ2OGMX2,8,9,1,Most,white,176,196,202,410,182,174,163,164,158,no,2134,24,female,english,gc,
3C5W7UE9CGYB3ELO2HOCAGRZ2OGMX2,8,4,6,Most,white,158,175,184,193,201,201,179,161,177,yes,2362,24,female,english,gc,
3C5W7UE9CGYB3ELO2HOCAGRZ2OGMX2,8,6,4,None,black,192,368,187,168,389,164,166,152,170,no,1798,24,female,english,gc,
3C5W7UE9CGYB3ELO2HOCAGRZ2OGMX2,8,2,8,Some,black,179,181,189,172,166,177,181,157,150,yes,1212,24,female,english,gc,
3C5W7UE9CGYB3ELO2HOCAGRZ2OGMX2,8,2,8,Most,black,208,203,212,229,222,163,223,186,196,yes,1412,24,female,english,gc,
3C5W7UE9CGYB3ELO2HOCAGRZ2OGMX2,8,2,8,None,black,210,230,196,183,184,204,183,183,178,no,1205,24,female,english,gc,
3C5W7UE9CGYB3ELO2HOCAGRZ2OGMX2,8,3,7,Most,black,196,200,229,185,195,189,193,161,156,yes,1580,24,female,english,gc,
3C5W7UE9CGYB3ELO2HOCAGRZ2OGMX2,8,2,8,Some,white,169,195,144,545,249,632,147,191,261,yes,2118,24,female,english,gc,
3C5W7UE9CGYB3ELO2HOCAGRZ2OGMX2,8,5,5,None,black,167,173,180,168,170,148,148,145,141,no,1362,24,female,english,gc,
3C5W7UE9CGYB3ELO2HOCAGRZ2OGMX2,8,6,4,Some,white,198,181,204,159,178,164,160,150,141,yes,1915,24,female,english,gc,
3C5W7UE9CGYB3ELO2HOCAGRZ2OGMX2,8,6,4,All,black,430,172,176,207,296,93,167,147,161,no,1459,24,female,english,gc,
3C5W7UE9CGYB3ELO2HOCAGRZ2OGMX2,8,1,9,All,white,187,189,173,164,167,138,164,160,144,no,1416,24,female,english,gc,
3C5W7UE9CGYB3ELO2HOCAGRZ2OGMX2,8,8,2,None,black,197,363,320,163,184,170,178,162,154,no,1976,24,female,english,gc,
3C5W7UE9CGYB3ELO2HOCAGRZ2OGMX2,8,6,4,All,white,196,174,182,172,166,179,181,202,181,no,2091,24,female,english,gc,
3FDJT1UU75G7B71BBZS13K8BKKBK5L,9,0,10,Some,white,1049,350,360,440,356,478,456,346,370,no,1105,29,female,English,gc,
3FDJT1UU75G7B71BBZS13K8BKKBK5L,9,1,9,All,white,343,406,414,363,428,408,458,308,587,no,1558,29,female,English,gc,
3FDJT1UU75G7B71BBZS13K8BKKBK5L,9,4,6,Some,white,795,330,335,324,348,334,350,342,793,yes,2391,29,female,English,gc,
3FDJT1UU75G7B71BBZS13K8BKKBK5L,9,1,9,Most,black,734,330,329,345,287,450,396,252,686,yes,2343,29,female,English,gc,
3FDJT1UU75G7B71BBZS13K8BKKBK5L,9,9,1,Some,black,330,326,327,264,332,673,594,599,2384,yes,2243,29,female,English,gc,
3FDJT1UU75G7B71BBZS13K8BKKBK5L,9,8,2,Some,black,522,390,326,297,358,662,326,323,333,yes,1454,29,female,English,gc,
3FDJT1UU75G7B71BBZS13K8BKKBK5L,9,9,1,None,black,316,393,397,379,381,391,298,236,300,no,1325,29,female,English,gc,
3FDJT1UU75G7B71BBZS13K8BKKBK5L,9,6,4,All,black,301,318,347,336,373,345,327,279,398,no,1190,29,female,English,gc,
3FDJT1UU75G7B71BBZS13K8BKKBK5L,9,2,8,None,white,333,342,283,241,272,296,321,271,588,no,1290,29,female,English,gc,
3FDJT1UU75G7B71BBZS13K8BKKBK5L,9,8,2,All,black,323,299,223,200,204,271,263,225,249,no,1724,29,female,English,gc,
3FDJT1UU75G7B71BBZS13K8BKKBK5L,9,10,0,Most,white,304,226,293,158,235,562,480,563,2797,no,1540,29,female,English,gc,
3FDJT1UU75G7B71BBZS13K8BKKBK5L,9,8,2,Most,white,543,351,410,349,295,339,299,232,319,yes,1390,29,female,English,gc,
3FDJT1UU75G7B71BBZS13K8BKKBK5L,9,10,0,None,white,269,271,209,217,225,301,294,263,220,no,1296,29,female,English,gc,
3FDJT1UU75G7B71BBZS13K8BKKBK5L,9,1,9,None,black,287,246,240,220,210,209,255,292,386,no,1320,29,female,English,gc,
3FDJT1UU75G7B71BBZS13K8BKKBK5L,9,7,3,Most,white,276,311,240,277,249,387,493,322,452,yes,1187,29,female,English,gc,
3FDJT1UU75G7B71BBZS13K8BKKBK5L,9,0,10,All,black,293,229,207,197,229,283,251,216,247,yes,1371,29,female,English,gc,
3FDJT1UU75G7B71BBZS13K8BKKBK5L,9,4,6,Most,white,259,286,234,228,232,243,517,334,431,no,1103,29,female,English,gc,
3FDJT1UU75G7B71BBZS13K8BKKBK5L,9,5,5,All,white,300,257,224,210,213,242,239,293,473,no,1126,29,female,English,gc,
3FDJT1UU75G7B71BBZS13K8BKKBK5L,9,10,0,All,black,303,220,192,204,185,180,214,301,206,no,1291,29,female,English,gc,
3FDJT1UU75G7B71BBZS13K8BKKBK5L,9,6,4,None,black,649,274,229,223,222,207,209,245,247,no,1186,29,female,English,gc,
3FDJT1UU75G7B71BBZS13K8BKKBK5L,9,3,7,All,black,462,205,201,181,177,183,171,375,337,no,1038,29,female,English,gc,
3FDJT1UU75G7B71BBZS13K8BKKBK5L,9,8,2,Most,black,552,198,193,191,198,309,376,238,281,no,1656,29,female,English,gc,
3FDJT1UU75G7B71BBZS13K8BKKBK5L,9,0,10,None,white,253,206,199,163,191,216,365,210,247,yes,1247,29,female,English,gc,
3FDJT1UU75G7B71BBZS13K8BKKBK5L,9,9,1,All,white,342,440,206,182,188,219,248,225,271,no,1084,29,female,English,gc,
3FDJT1UU75G7B71BBZS13K8BKKBK5L,9,6,4,Most,white,338,363,246,237,218,274,265,255,453,yes,1067,29,female,English,gc,
3FDJT1UU75G7B71BBZS13K8BKKBK5L,9,6,4,Some,white,286,256,231,210,188,216,216,404,319,yes,1165,29,female,English,gc,
3FDJT1UU75G7B71BBZS13K8BKKBK5L,9,9,1,Some,white,260,268,248,246,230,255,477,470,2346,yes,1626,29,female,English,gc,
3FDJT1UU75G7B71BBZS13K8BKKBK5L,9,5,5,None,black,330,250,236,211,184,197,204,224,318,no,1097,29,female,English,gc,
3FDJT1UU75G7B71BBZS13K8BKKBK5L,9,10,0,Most,black,460,268,266,217,203,228,397,264,647,no,1088,29,female,English,gc,
3FDJT1UU75G7B71BBZS13K8BKKBK5L,9,10,0,Some,white,629,244,204,242,301,338,300,243,890,no,2298,29,female,English,gc,
3FDJT1UU75G7B71BBZS13K8BKKBK5L,9,1,9,Most,white,735,202,213,181,241,253,347,215,214,no,1030,29,female,English,gc,
3FDJT1UU75G7B71BBZS13K8BKKBK5L,9,2,8,Some,black,215,223,199,199,197,204,228,284,1391,yes,1110,29,female,English,gc,
3FDJT1UU75G7B71BBZS13K8BKKBK5L,9,3,7,None,black,341,306,193,190,196,183,178,224,389,no,1097,29,female,English,gc,
3FDJT1UU75G7B71BBZS13K8BKKBK5L,9,3,7,All,white,297,202,207,205,199,195,201,180,395,no,1123,29,female,English,gc,
3FDJT1UU75G7B71BBZS13K8BKKBK5L,9,6,4,None,white,575,205,202,186,182,173,177,430,318,no,1033,29,female,English,gc,
3FDJT1UU75G7B71BBZS13K8BKKBK5L,9,7,3,None,black,249,175,204,187,218,188,165,359,708,no,1257,29,female,English,gc,
3FDJT1UU75G7B71BBZS13K8BKKBK5L,9,7,3,Some,white,211,208,208,183,235,360,258,266,277,yes,1160,29,female,English,gc,
3FDJT1UU75G7B71BBZS13K8BKKBK5L,9,7,3,Most,black,239,212,210,171,169,177,364,250,372,no,961,29,female,English,gc,
3FDJT1UU75G7B71BBZS13K8BKKBK5L,9,6,4,All,white,197,215,186,171,206,190,184,200,292,no,1076,29,female,English,gc,
3FDJT1UU75G7B71BBZS13K8BKKBK5L,9,5,5,Some,black,262,428,179,220,185,202,253,247,455,yes,1201,29,female,English,gc,
3FDJT1UU75G7B71BBZS13K8BKKBK5L,9,8,2,All,white,736,301,190,228,202,203,335,857,494,no,2382,29,female,English,gc,
3FDJT1UU75G7B71BBZS13K8BKKBK5L,9,2,8,None,black,292,215,220,212,202,151,258,446,320,no,1261,29,female,English,gc,
3FDJT1UU75G7B71BBZS13K8BKKBK5L,9,7,3,Some,black,379,310,198,224,245,283,360,316,305,yes,1534,29,female,English,gc,
3FDJT1UU75G7B71BBZS13K8BKKBK5L,9,5,5,Most,black,184,452,196,186,203,188,529,290,436,no,1037,29,female,English,gc,
